RIV_GRD,RIV_DIS_MIN,RIV_DIS_GRD,지역코드
2,478.260257869589,3,51830
2,472.676208282641,3,51830
2,464.70973837187,3,51830
2,468.304506619908,3,51830
2,297.178958807951,4,51830
2,302.873386830257,3,51830
2,304.788663392845,3,51830
2,326.807142178329,3,51830
2,323.670775581966,3,51830
2,299.912956110781,4,51830
2,186.619688194541,4,51830
2,194.368821461406,4,51830
2,223.415645875299,4,51830
3,1631.09932136141,1,51210
3,1581.71515722867,1,51210
2,477.029153029658,3,51820
2,463.717888339042,3,51820
2,382.18652618367,3,51820
2,393.260639182595,3,51820
2,383.792197026763,3,51820
2,377.91977322055,3,51820
2,367.149170768626,3,51820
2,400.343650771169,3,51820
2,361.456167815012,3,51820
2,377.040961293955,3,51820
2,227.731055555071,4,51820
2,225.321842866668,4,51820
2,377.770267300447,3,51820
2,277.990958234693,4,51820
2,266.353463012849,4,51820
2,288.065502444886,4,51820
2,359.40003078873,3,51820
2,324.075431513848,3,51820
2,332.83326022522,3,51820
2,321.726278675437,3,51820
2,374.356786289709,3,51820
2,334.618568016623,3,51820
2,365.697996699351,3,51820
2,381.43828970532,3,51820
2,351.076341311304,3,51820
2,323.262351428533,3,51820
2,336.580011259405,3,51820
2,329.59829203715,3,51820
2,318.828436418684,3,51820
2,325.925213498398,3,51820
2,380.315694546054,3,51820
2,303.324967378673,3,51820
3,141.622629100142,4,51820
3,656.145335835874,3,51820
3,707.338940468334,2,51820
3,341.975599393012,3,51820
3,212.948211392026,4,51820
3,180.569170932579,4,51820
3,210.118534261866,4,51820
3,184.998275142099,4,51820
3,231.956772756854,4,51820
3,125.97217457524,4,51820
3,196.605881314514,4,51820
3,400.772982851068,3,51820
3,797.290824775506,2,51820
3,801.335685190651,2,51820
3,788.419388068536,2,51820
3,788.130695476606,2,51820
3,795.994176689829,2,51820
3,802.735030811884,2,51820
3,841.722630446664,2,51820
3,827.031277956653,2,51820
3,433.8873055547,3,51820
3,773.872823620515,2,51820
3,464.309573558022,3,51820
3,801.855519785271,2,51820
3,491.383606746339,3,51820
3,855.910358025524,2,51820
3,862.969827433299,2,51820
3,865.136091305452,2,51820
3,539.499585133935,3,51820
3,548.277869366102,3,51820
3,551.821279205875,3,51820
2,840.836846690703,2,51820
3,414.836226945087,3,51820
3,427.557123732532,3,51820
3,345.635371873767,3,51820
3,334.734297852426,3,51820
3,384.263146874676,3,51820
3,410.606710515762,3,51820
3,349.104340252347,3,51820
3,229.390197377166,4,51820
3,223.514201553586,4,51820
2,292.395346001576,4,51820
2,295.38605881063,4,51820
2,302.273965740654,3,51820
2,257.677468570731,4,51820
2,254.136110427147,4,51820
2,257.933020012422,4,51820
2,267.624763002833,4,51820
3,251.165733521833,4,51820
3,249.657664014374,4,51820
3,242.686399399472,4,51820
3,240.354597761697,4,51820
3,598.154565814843,3,51820
3,633.781422185781,3,51820
3,539.893728462559,3,51820
3,545.100576911427,3,51820
3,495.76068915432,3,51820
3,535.411848380692,3,51820
3,490.104238487441,3,51820
3,425.944460106901,3,51820
3,420.71545208805,3,51820
3,395.569231894462,3,51820
3,377.86996027032,3,51820
3,356.573839050736,3,51820
3,317.856252812466,3,51820
3,297.96891895008,4,51820
3,304.282244094691,3,51820
3,298.316987742862,4,51820
3,307.985487871417,3,51820
3,385.638734875906,3,51820
3,262.759656283856,4,51820
3,291.500590438323,4,51820
3,257.535240831536,4,51820
3,278.228371124882,4,51820
3,400.063510669574,3,51820
3,433.75949691149,3,51820
3,439.300510812144,3,51820
3,444.480471958343,3,51820
3,447.007312117391,3,51820
3,8387.62841169273,1,51820
2,7257.95472492637,1,51780
3,319.918878269098,3,47930
3,304.242402249541,3,47930
3,214.000510887322,4,47930
3,251.633430327616,4,47930
3,184.467469510701,4,47930
3,817.650164955265,2,47930
3,827.565117154991,2,47930
3,846.919355275056,2,47930
3,710.271290565013,2,47930
3,655.739542256839,3,47930
3,602.101938907577,3,47930
3,531.13943267993,3,47930
3,594.503342331608,3,47930
3,467.057790483514,3,47930
3,448.947068869665,3,47930
3,447.4470352309,3,47930
3,474.32028584675,3,47930
3,401.033674707499,3,47930
3,324.551700157151,3,47930
3,344.76725978294,3,47930
3,303.729317329937,3,47930
3,310.245099046881,3,47930
3,300.619784395409,3,47930
3,324.803755775779,3,47930
3,355.361872391255,3,47930
3,285.232012194348,4,47930
3,255.654130126911,4,47930
3,143.727728676018,4,47930
3,170.587563847641,4,47930
3,164.139731251298,4,47930
3,337.757139195217,3,47930
2,345.474620694688,3,47930
2,366.030138232007,3,47930
2,298.289307077367,4,47930
2,304.445188720696,3,47930
2,268.686500737473,4,47930
2,1743.49160598812,1,51230
3,124.214295915673,4,51230
3,160.123564263488,4,51230
3,183.375160934606,4,51230
3,290.900323333107,4,51230
2,161.19973768528,4,51230
2,133.605437692032,4,51230
2,164.61246787651,4,51230
2,106.909739598789,4,51230
3,409.481239903161,3,51230
3,345.744019346144,3,51230
3,385.38237710352,3,51230
3,337.906137822993,3,51230
3,348.449070118868,3,51230
3,356.107226581322,3,51230
3,324.512889089216,3,51230
3,327.579699757869,3,51230
3,330.6578661265,3,51230
3,328.132495296179,3,51230
3,346.900509267513,3,51230
3,371.312523461948,3,51230
3,380.339110551084,3,51230
3,166.583829522566,4,51230
3,231.819107592484,4,51230
3,265.619339398507,4,51230
3,207.073188531189,4,51230
3,250.915795353477,4,51230
2,375.466197445179,3,51230
2,385.326440093426,3,51230
3,283.492799225576,4,51170
3,302.463039623838,3,51170
3,313.949296148492,3,51170
3,271.971424974124,4,51170
3,266.229053261046,4,51170
3,185.712336423454,4,51170
3,152.424708721086,4,51170
3,1305.80911750928,2,51170
2,232.024681060601,4,51230
2,242.13640022883,4,51230
2,264.81347253701,4,51230
2,272.674653982909,4,51230
2,196.055720998147,4,51230
2,195.132352985042,4,51230
2,136.320702530908,4,51230
2,241.305141180159,4,51230
2,224.798137263697,4,51230
2,301.373810836642,3,51230
3,649.048588388131,3,51230
3,658.570219811681,3,51230
3,696.858581375974,3,51230
3,820.682043792391,2,51230
3,838.63761247653,2,51230
3,850.236255589478,2,51230
3,889.597672187763,2,51230
3,915.587812466555,2,51230
3,917.80333582169,2,51230
3,921.090806514197,2,51230
3,299.704991081262,4,51150
3,279.164031238229,4,51150
2,453.630331677423,3,51150
3,182.499552491855,4,51170
3,640.674102901103,3,51170
3,189.636209343213,4,51170
3,308.775145102277,3,51170
3,372.276240318669,3,51170
3,459.645653735176,3,51170
3,502.181404749435,3,51170
3,551.69638233807,3,51170
3,649.738312944275,3,51170
3,286.818558743777,4,51150
3,239.569182769761,4,51170
3,220.904941832358,4,51170
3,211.963842641606,4,51170
3,198.079836948127,4,51170
2,204.05614781886,4,51190
3,826.609953533056,2,51150
3,829.122809812903,2,51150
3,761.509633084143,2,51150
3,178.815006698333,4,51760
3,443.409230969353,3,51830
3,466.433056919213,3,51830
3,410.706533927758,3,51830
3,290.36999924362,4,51830
3,285.32891212853,4,51830
3,296.468717547462,4,51830
3,151.7639970305,4,51830
3,272.769369480015,4,51830
3,213.561761696984,4,51830
3,251.354470534844,4,51830
3,307.093277349705,3,51830
3,221.891926608693,4,51830
3,258.192452888634,4,51830
3,875.8212086956,2,51150
3,857.425031532952,2,51150
3,515.319506038972,3,51150
3,484.240437301194,3,51150
3,491.296464204972,3,51150
3,476.101511057004,3,51150
3,428.512827642073,3,51150
3,450.738825131642,3,51150
3,419.209419393874,3,51150
3,332.427805498061,3,51150
3,476.433824863242,3,51150
3,839.18092990404,2,51150
3,881.668196280462,2,51150
3,876.980657832899,2,51150
3,908.108900986303,2,51150
3,449.128600165135,3,51150
2,924.8966962268,2,41370
2,193.402383198067,4,41610
3,276.631074336286,4,41131
2,716.594260181824,2,41115
2,563.548757682933,3,11680
2,161.089568892351,4,11200
2,188.286720902041,4,11305
2,572.649772503663,3,11350
2,567.530279934838,3,41250
3,331.099501344126,3,41590
3,721.728546882242,2,41590
3,3157.36360583413,1,41590
3,3349.56303171115,1,41590
2,3654.72316539837,1,41590
3,1062.2962169854,2,44270
3,1362.79074849538,2,44270
3,579.119004672297,3,44270
3,54.643041796741,5,44270
3,2027.93776244169,1,28720
3,1506.42608484029,1,28720
3,926.318397899124,2,28720
3,918.597310742599,2,28720
3,1207.13446817762,2,28720
3,1106.07431616152,2,28720
3,1441.3127702237,2,28720
3,1543.25684052862,1,28720
3,1295.95021122629,2,28720
3,1077.15315781113,2,28720
3,1009.58100220667,2,28720
2,261.005352767392,4,11620
2,918.190200724955,2,11530
1,1711.27790166393,1,11545
2,35.9850733855562,5,41430
2,485.887939197632,3,41173
3,486.709140163857,3,41113
1,320.261774528217,3,41171
3,2417.02882245838,1,41590
3,2614.87247129022,1,41590
3,470.087557681468,3,41273
3,278.516229547108,4,41590
3,754.200742339547,2,28185
3,515.453406027547,3,28110
3,473.819051383354,3,28110
3,330.189537178083,3,28110
3,434.47011749327,3,28110
3,401.779513632419,3,28110
3,412.254571527764,3,28110
3,1144.77972092829,2,28110
3,840.769795357368,2,28110
3,579.988694976269,3,28720
3,1261.50362565987,2,28720
3,133.489184558936,4,28720
3,287.528918926705,4,28720
3,334.374074488105,3,28720
3,324.961077753954,3,28720
3,1179.09628391463,2,28720
3,1115.18601325157,2,28720
3,1137.54339386411,2,28720
3,1118.54514795001,2,28720
3,1090.8815865846,2,28720
3,220.111326840976,4,28720
3,220.38345294224,4,28720
3,224.329727634681,4,28720
3,1120.79466647638,2,28720
3,290.324609511459,4,28720
3,1031.62391516613,2,28720
3,982.014552615202,2,28720
3,975.965806935982,2,28720
3,968.268180965862,2,28720
2,1421.23856825211,2,41285
3,220.810958047953,4,41196
3,72.3435497970401,5,11140
2,562.351273142865,3,11410
2,59.3967804714986,5,11440
3,627.720136237612,3,41281
3,228.726001742143,4,28710
3,288.514690656226,4,28710
3,344.93698353414,3,28710
3,9648.16199319759,1,28710
3,14313.9199182608,1,28710
3,13499.5925787718,1,28710
3,624.143233279856,3,28710
3,952.602488567518,2,28110
3,291.154341651645,4,28720
3,143.151511623678,4,28710
3,554.023369624207,3,47111
3,525.125458009605,3,47111
3,455.240064292775,3,47111
3,478.195017744072,3,47111
3,500.76021576795,3,47111
3,574.939438812158,3,47111
3,619.484901913926,3,47111
3,295.607132210512,4,47111
3,207.16850744269,4,47111
3,192.242863308005,4,47111
3,135.61456846483,4,47111
3,476.789902277839,3,47111
3,487.03381377026,3,47111
3,454.979971727925,3,47111
3,549.254077890965,3,47111
3,448.146830423366,3,47111
3,386.154648374109,3,47111
3,237.276347184079,4,47111
3,256.141941180604,4,47111
3,132.859530629575,4,47113
3,325.694634193542,3,47113
3,313.644223318337,3,47113
3,240.692161016388,4,47113
3,214.910465214523,4,47113
3,273.448170607935,4,47113
3,269.237876388065,4,47113
3,341.67798884446,3,47113
3,374.210176151811,3,47113
1,563.775687092214,3,47111
2,1946.49691925452,1,47111
2,1989.69020351071,1,47111
3,290.80704981028,4,47113
3,361.595819124049,3,47113
3,383.171805088059,3,47113
2,455.26762603998,3,47113
2,65.1427419155085,5,47113
2,265.121682609353,4,47113
3,396.668548289124,3,47770
3,398.414345881657,3,47770
3,399.804338115641,3,47770
3,441.373446092611,3,47770
3,438.321401438304,3,47770
3,279.090681523926,4,47770
3,407.853394057253,3,47770
3,353.628555369889,3,47770
3,376.73512737657,3,47770
2,560.033399310885,3,47770
2,565.166251581718,3,47770
2,234.020268165522,4,47750
2,442.182882475193,3,47770
2,459.56567048581,3,47770
2,626.931223306247,3,47770
2,750.998203202425,2,47770
2,602.564290395826,3,47770
2,610.856294967496,3,47770
3,275.473439892497,4,47930
3,322.464247499341,3,47930
3,338.782408895425,3,47930
3,172.620758658283,4,47930
2,310.947390401191,3,47930
2,246.657116383977,4,47930
3,273.794556344065,4,47930
3,308.062334336129,3,47930
3,293.717721636061,4,47930
3,307.73725953005,3,47930
3,316.556193688719,3,47930
3,298.060022023105,4,47930
3,308.841289340717,3,47930
3,315.91283857393,3,47930
3,325.022283199457,3,47930
3,351.194042641881,3,47930
3,361.953680323307,3,47930
3,154.471952366263,4,47930
3,138.501076198576,4,47930
3,143.119056435813,4,47930
3,141.268427288085,4,47930
3,196.059073161044,4,47930
3,141.399680282839,4,47930
3,178.217074614561,4,47930
3,165.17096871211,4,47930
3,144.145244373447,4,47930
3,148.733169521581,4,47930
3,255.217152194771,4,47930
3,280.460970518069,4,47930
3,135.027602021447,4,47930
3,215.87849968208,4,47930
3,262.896225555531,4,47930
3,267.795406704429,4,47930
3,320.057876817444,3,47930
3,175.658308328795,4,47930
3,174.043730843937,4,47930
3,188.916530798818,4,47930
3,208.424311427561,4,47930
3,237.055023797949,4,47930
3,258.07299647968,4,47930
3,324.252886523717,3,47930
3,329.689281613453,3,47930
3,87.0588750599348,5,27720
3,420.505230905494,3,47170
2,496.643882260969,3,47210
2,395.019674354173,3,43800
1,143.198681307293,4,30170
3,188.444221340105,4,30140
3,113.278063164978,4,30110
2,400.601707171051,3,36000
1,833.227035559287,2,43113
3,319.245126874618,3,43745
3,639.819358356447,3,52130
3,482.176461609643,3,52130
3,776.355865087158,2,52130
3,794.573398753168,2,52130
3,933.645805277484,2,52130
3,1007.69870191974,2,52130
3,1063.64593405709,2,52130
3,1188.94151038517,2,52130
3,1207.45455931755,2,52130
3,575.401117173607,3,44770
3,2956.69684967622,1,44770
3,2545.96358838011,1,44770
3,2504.72290554755,1,44770
3,2380.49626034937,1,44770
3,3770.43787517527,1,44770
3,504.852023070169,3,44770
3,1710.89263878773,1,44770
3,137.569985606623,4,52130
2,414.5291875581,3,44180
3,1220.16171531472,2,44825
3,1020.1081037327,2,44825
3,3342.74106741287,1,44825
3,3253.3286698456,1,44825
3,3266.8292864256,1,44825
3,3194.58658046344,1,44825
3,2378.36557247579,1,44825
3,3197.6884897989,1,44825
3,3062.50336489448,1,44825
3,3258.88025295725,1,44825
3,2334.07495945472,1,44825
3,3156.34018709612,1,44825
3,2308.62515114985,1,44825
3,2281.35034353439,1,44825
3,3106.10694934845,1,44825
3,3236.93793231413,1,44825
3,3242.68071867605,1,44825
3,3119.12036224415,1,44825
3,2313.94155739314,1,44825
3,3102.32850994099,1,44825
3,2357.83791986956,1,44825
3,2022.42548938337,1,44825
3,2338.99011409814,1,44825
3,2025.00409091584,1,44825
3,3195.39785130579,1,44825
3,3145.12834482537,1,44825
3,2000.70059347207,1,44825
3,1968.25018561481,1,44825
3,1981.71095160259,1,44825
3,2209.35496555397,1,44825
3,2195.5728441825,1,44825
3,2167.02708016956,1,44825
3,2154.96655040097,1,44825
3,2167.09471438717,1,44825
3,2177.09830559032,1,44825
3,3052.56980040533,1,44825
3,3087.54477023778,1,44825
3,3053.54881882263,1,44825
3,3128.39759958391,1,44825
3,3045.05850207863,1,44825
3,3071.72245053375,1,44825
3,3063.10872728104,1,44825
3,3094.2509588111,1,44825
3,3048.67175334724,1,44825
3,3055.11327811043,1,44825
3,2998.15342801493,1,44825
3,2421.33979829276,1,44825
3,2454.94288925491,1,44825
3,2445.97000692103,1,44825
3,2447.03741110777,1,44825
3,2972.6395123455,1,44825
3,3048.60329902279,1,44825
3,2458.66302017444,1,44825
3,2445.72976193465,1,44825
3,3003.62485731974,1,44825
3,2899.84238624067,1,44825
3,2575.66273816446,1,44825
3,2595.5905033366,1,44825
3,2577.80190323343,1,44825
3,2567.41899869019,1,44825
3,809.755449906252,2,44825
3,777.2981048807,2,44825
3,815.198722934074,2,44825
3,817.718664325049,2,44825
2,2018.33591931249,1,44180
2,2471.77056099474,1,44180
2,2351.54542244977,1,44180
2,2734.72561020512,1,44180
2,2500.37605465129,1,44180
2,2858.82698795843,1,44180
2,2486.74772894593,1,44180
2,2268.20889943938,1,44180
2,2852.44795391456,1,44180
3,741.993727398917,2,44180
3,1067.7245902576,2,44180
3,2378.93894111674,1,44180
3,2538.63124547446,1,44180
3,587.35351574192,3,44825
3,600.120634329594,3,44825
3,1327.23557704688,2,44825
3,1310.94298476279,2,44825
3,1293.40553047744,2,44825
3,1305.81178954566,2,44825
3,1315.93247056605,2,44825
3,807.890239265994,2,44825
3,981.634245366913,2,44825
3,969.474826312277,2,44825
3,916.56311248367,2,44825
3,515.386298856087,3,44825
3,410.979602202675,3,44825
3,403.142222731029,3,44825
3,391.759382950539,3,44825
3,353.720865283914,3,44825
3,340.931745688598,3,44825
3,490.398880651963,3,44825
3,492.092067782871,3,44825
3,746.842157648508,2,44825
3,383.168896387177,3,44825
3,355.509158448742,3,44825
3,371.899713407204,3,44825
3,291.573838562445,4,44825
3,366.312977239659,3,44825
3,276.55853268621,4,44825
3,275.762499738093,4,44825
3,346.777856651794,3,44825
3,249.423797944809,4,44825
3,257.431276796677,4,44825
3,3231.3172986503,1,44270
2,2650.33321783688,1,41590
2,2706.64863236834,1,41590
2,2752.6659705128,1,41590
2,2750.24987066289,1,41590
2,2779.63953209008,1,41590
2,2773.46317827364,1,41590
2,2783.5866778178,1,41590
2,2783.55448908659,1,41590
2,2763.93869812538,1,41590
2,3064.85815866276,1,41590
3,3193.91231409353,1,44210
3,584.490692584955,3,44825
3,517.858304393633,3,44825
3,480.758592733688,3,44825
3,772.607185551816,2,44825
3,820.894747150828,2,44825
3,801.562960423002,2,44825
3,1124.93352790407,2,44825
3,1112.29686616987,2,44825
3,1078.9213906522,2,44825
3,1090.67639865222,2,44825
3,1094.9206366955,2,44825
3,1112.77601992255,2,44825
3,1077.52187624782,2,44825
3,2205.04289516444,1,52130
3,1178.08677248263,2,52130
3,1165.12404671915,2,52130
3,1155.94910896431,2,52130
3,1108.92719261112,2,52130
3,1078.48865399008,2,52130
3,1056.9329464772,2,52130
3,897.681403845287,2,52130
3,855.503924979751,2,52130
3,775.867857361709,2,52130
3,997.29084806592,2,52130
2,1858.99830965872,1,26500
2,1048.45869073497,2,26350
2,1040.04396051651,2,26350
2,1024.85925629717,2,26350
2,1021.3201903165,2,26350
2,1166.11656988787,2,26710
2,1155.22692552689,2,26710
2,1159.22200558403,2,26710
2,1124.77578566884,2,26710
2,1114.40762806274,2,26710
2,1063.19302938808,2,26710
2,993.224556400721,2,26710
2,981.145635548005,2,26710
2,912.212679311169,2,26710
2,553.526817668746,3,26710
3,388.655215765189,3,26710
3,293.950473343656,4,26710
3,489.496198455796,3,26710
3,387.073561352912,3,26710
2,144.328360544613,4,26260
3,63.5929569430409,5,26200
3,1439.70089889823,2,26110
3,2301.06003959611,1,31170
2,1203.53163787126,2,31710
2,1166.8907172433,2,31710
2,1107.85663742956,2,31710
2,1083.05786634101,2,31710
2,1076.52046832526,2,31710
2,1048.42732858318,2,31710
2,948.773147136797,2,31710
2,950.824985129844,2,31710
2,981.169245596573,2,31710
2,922.57358231551,2,31710
2,886.51863507673,2,31710
2,873.669789682105,2,31710
2,882.988164244809,2,31710
2,726.236710763454,2,31710
2,710.133451155143,2,31710
2,735.80454432106,2,31710
2,724.324324296104,2,31710
2,729.050539570901,2,31710
2,661.791418514065,3,31710
2,656.037692308209,3,31710
3,401.365994892302,3,31710
3,394.180473150091,3,31710
3,304.810602797172,3,31710
3,306.353094604609,3,31710
3,295.181634860964,4,31710
3,289.374263276802,4,31710
3,255.930038209734,4,31710
3,929.874571608544,2,31710
3,906.987417027707,2,31710
3,780.397343923208,2,31710
3,846.504440206439,2,31710
3,870.14731951826,2,31710
3,153.061563189999,4,31710
2,979.868510924943,2,31710
2,860.920590251298,2,31710
2,845.598360351094,2,31710
2,854.893812620133,2,31710
2,426.861059734539,3,31710
2,413.337933557896,3,31710
2,418.39998314414,3,31710
3,96.3459245165562,5,31710
3,78.1040960360578,5,31710
3,112.990600629468,4,31710
3,130.540851813539,4,31710
3,112.411767000121,4,31710
3,140.367604185581,4,31710
3,121.34717640368,4,31710
3,117.300195458491,4,31710
3,123.755067183881,4,31710
3,151.049098487925,4,31710
3,132.352973786153,4,31710
3,128.682603327968,4,31710
3,124.312452012003,4,31710
3,139.380385516359,4,31710
3,159.845029102464,4,31710
3,145.304018910281,4,31710
3,157.74506546308,4,31710
3,169.364041471055,4,31710
3,159.784187684576,4,31710
3,166.368271202588,4,31710
3,166.691096768856,4,31710
3,171.903615355041,4,31710
3,182.787822499733,4,31710
3,194.485174353929,4,31710
2,745.011486087022,2,31710
2,744.23049168905,2,31710
2,314.749381909629,3,31710
2,311.317475545136,3,31710
2,759.953988345861,2,31710
2,280.839967332268,4,31710
2,275.417928942835,4,31710
2,298.200062244591,4,31710
2,261.92957338106,4,31710
2,285.322409393215,4,31710
2,755.309936062575,2,31710
2,758.284541294497,2,31710
2,732.405588058986,2,31710
2,734.970747151538,2,31710
2,755.93574779349,2,31710
2,748.4075363236,2,31710
2,788.113660248786,2,31710
2,904.705043144134,2,31710
2,876.542614424114,2,31710
2,935.859974465661,2,31710
2,897.673516107188,2,31710
2,950.029853488489,2,31710
3,292.735118354712,4,31710
3,129.565861790007,4,26710
2,336.522537000995,3,26410
2,384.75287444231,3,31170
2,312.46223727154,3,31170
3,199.036008906374,4,31170
3,192.522475023206,4,31170
3,214.471226100993,4,31170
3,241.476981438087,4,31170
3,247.754463994338,4,31170
3,234.673387009848,4,31170
3,256.53750628535,4,31170
3,318.987266246385,3,31170
3,308.882869525598,3,31170
3,284.134016207627,4,31170
2,744.138592889268,2,31200
2,374.589671698943,3,31170
2,391.992446569184,3,31170
2,326.5539193133,3,31170
2,338.490507749021,3,31170
2,369.459797374438,3,31170
2,382.084784120511,3,31170
2,759.915026510138,2,31200
2,755.961078766396,2,31200
2,748.06845285882,2,31200
2,747.070890476271,2,31200
2,757.06536503843,2,31200
2,731.340347320398,2,31200
2,721.527067330885,2,31200
2,699.440243665338,3,31200
2,703.725922324979,2,31200
2,717.018554779576,2,31200
2,711.794597284616,2,31200
2,654.151520413316,3,31200
2,725.612200739008,2,31200
3,820.098078165381,2,47130
3,848.229418692179,2,47130
3,814.017677911012,2,47130
3,783.038860474311,2,47130
3,788.596423475395,2,47130
3,451.416658383008,3,47130
3,512.301514147427,3,47130
3,200.085808619043,4,47130
3,179.425437680181,4,47130
3,812.593576185356,2,47111
3,976.508006378043,2,47111
3,1091.31101451439,2,47111
3,1085.98952481452,2,47111
3,1245.65921287839,2,47111
3,191.860950466293,4,47130
3,571.637901533286,3,47130
3,556.657019069403,3,47130
3,530.875775949821,3,47130
3,430.540339244234,3,47130
2,734.424068324932,2,47130
3,2042.43271243324,1,26380
3,12660.9456477872,1,26380
3,12594.7139336495,1,26380
3,12571.442011994,1,26380
3,12561.0359956448,1,26380
3,12548.2819886476,1,26380
3,12517.5527098853,1,26380
3,12511.3425558553,1,26380
3,12511.2064851229,1,26380
3,7827.28876808342,1,26380
3,7940.03586513839,1,26380
3,7942.86900064715,1,26380
3,7941.36004678625,1,26380
3,7929.89151807922,1,26380
3,7872.58406496971,1,26380
3,7862.79650613407,1,26380
3,7908.29838429377,1,26380
3,7855.56367790817,1,26380
3,7882.44359042422,1,26380
3,7842.31841668934,1,26380
3,7829.75024081343,1,26380
3,7829.41419512369,1,26380
3,7847.46433236137,1,26380
3,7803.45573297801,1,26380
3,7790.73028736148,1,26380
3,7772.21735462936,1,26380
3,7717.53244172884,1,26380
3,7614.35742344875,1,26380
3,7602.75011394624,1,26380
3,7620.84702952024,1,26380
3,7584.83969932541,1,26380
3,7568.6653563249,1,26380
3,2221.49207308533,1,26380
3,2168.45896454509,1,26380
3,2125.15709060074,1,26380
3,2158.55665890246,1,26380
3,1528.18402474406,1,26380
3,1992.96193532091,1,26380
3,1926.82487797002,1,26380
3,1963.14037799659,1,26380
3,1583.72722935077,1,26380
2,2014.67607144676,1,26530
3,387.817563792383,3,26440
2,161.763282072076,4,48123
2,756.826118939239,2,48125
3,3512.52946268925,1,48129
3,2215.54093744749,1,48129
3,2147.14161160252,1,48129
3,1828.51409559229,1,48129
3,507.824110711474,3,48129
3,121.983748963727,4,48129
3,795.320822045313,2,48310
3,260.254924426979,4,48820
3,37.3595712529208,5,48121
3,149.583336259588,4,48740
2,883.435653708636,2,27170
2,2162.5327511704,1,27110
2,1524.30231597154,1,27290
2,17.5729294136082,5,48880
2,104.632528876628,4,52730
2,71.2930675943157,5,52710
2,242.156133529435,4,29155
3,258.876412952135,4,46840
3,196.67601087378,4,46870
3,205.471135033937,4,46870
3,3230.37586558516,1,46870
3,3172.79856389279,1,46870
3,3133.11044125216,1,46870
3,3100.17622367809,1,46870
3,3107.11326766603,1,46870
3,3101.90867340093,1,46870
3,943.034458067555,2,46910
3,487.77361588564,3,46910
3,595.609116207239,3,46910
3,405.885316883368,3,46910
3,1358.3963369647,2,46910
3,811.775653286438,2,46910
3,1615.10774573317,1,46910
3,1356.52103406115,2,46910
3,1411.75298867839,2,46910
2,28.769603660769,5,46880
3,6610.84312592388,1,46870
3,6620.73001682329,1,46870
3,6725.10449249011,1,46870
3,6739.27354516398,1,46870
3,7482.57593552265,1,46870
3,7556.35626519081,1,46870
3,7571.96001712197,1,46870
3,7518.32666063764,1,46870
3,7521.9738396139,1,46870
3,7525.57114359878,1,46870
3,7665.50402636732,1,46870
3,7594.34514764796,1,46870
3,7683.1369883875,1,46870
3,6997.91445032134,1,46870
3,7438.02698809865,1,46870
3,7457.04765807841,1,46870
3,7417.5822176824,1,46870
3,7051.25652068981,1,46870
3,7206.64719736159,1,46870
3,7201.24007084668,1,46870
3,6970.36257913734,1,46870
3,6708.33695830108,1,46870
3,74.4905325450912,5,46870
3,1867.6758975385,1,52790
3,1072.92928631073,2,52800
2,1519.82225766935,1,52210
2,1680.85768257099,1,52800
2,1635.42939126143,1,52800
3,349.255725642492,3,52800
3,346.647675545254,3,52130
3,361.084487663531,3,52130
3,1362.40313073203,2,52130
3,208.786225433426,4,52800
3,184.224634344876,4,52800
3,175.875848244057,4,52800
3,196.76060324958,4,52800
3,205.81052060934,4,52800
3,214.139679522536,4,52800
3,550.457578202743,3,52800
3,465.599998942581,3,52800
3,489.853473210465,3,52800
3,458.041131037959,3,52800
3,463.26274317467,3,52800
3,475.024685032045,3,52800
3,470.451261090085,3,52800
3,484.734599483409,3,52800
3,475.856789300772,3,52800
3,570.47596642774,3,52800
3,343.80512283299,3,52800
3,5271.93170581694,1,52130
3,526.25713261588,3,52130
3,1037.64850101535,2,52130
3,621.200874377052,3,52130
3,866.067951991288,2,52130
3,123.204447282584,4,48310
3,117.300224699023,4,48310
3,267.117863943832,4,48310
3,268.361574380749,4,48310
3,297.430003354977,4,48310
3,243.300696638491,4,48310
3,122.309315639041,4,48310
3,106.58546253218,4,48310
3,103.960207865443,4,48310
3,81.2644750529881,5,48310
3,86.3665863643924,5,48310
3,994.444892460127,2,48840
3,1028.08474242412,2,48840
3,1085.95782887828,2,48840
3,363.14924634237,3,48840
3,170.903895316031,4,48310
3,457.182224532155,3,48310
2,365.333289621038,3,48310
2,331.151318383275,3,48310
3,741.171745154443,2,48310
3,162.220775212586,4,48310
3,213.833600378531,4,48310
3,206.280272540428,4,48220
3,196.905242165914,4,48220
3,374.828909013949,3,48310
3,140.184682115097,4,48310
3,201.04908340751,4,48310
2,341.497785132646,3,48310
2,1577.95998735742,1,48310
3,431.920953316946,3,48820
3,200.331783531391,4,48820
3,199.568049307236,4,48820
3,112.225177268336,4,48820
3,86.3499065695659,5,48820
3,73.0324356247367,5,48820
2,826.648898857144,2,48220
2,741.169158266028,2,48220
2,556.730672003048,3,48220
3,445.424588155901,3,48220
3,486.779959850489,3,48220
3,423.20375778295,3,48220
2,316.015980147767,3,48220
3,847.33335344003,2,48220
3,775.70058227942,2,48220
3,877.60573645687,2,48310
3,843.190953374348,2,48310
3,240.031686483017,4,48220
2,1039.32707845325,2,48220
3,301.65126570727,3,48220
3,646.514818518478,3,48310
3,197.26977441281,4,48220
2,2493.3145481967,1,48240
2,2231.39636612602,1,48240
2,2244.35327579405,1,48240
2,2104.78522280664,1,48240
2,2079.90875416258,1,48240
2,1703.72796227207,1,48240
3,99.1167280136787,5,48220
3,798.728835991276,2,48240
3,1068.54694362685,2,48240
3,1054.76358043937,2,48240
3,1048.36192918875,2,48240
3,1027.0303197178,2,48240
3,958.504078264838,2,48240
3,937.899155680974,2,48240
3,958.104615788934,2,48240
3,950.210354879142,2,48240
3,948.527810489506,2,48240
3,1087.50337147994,2,48240
3,745.489180711603,2,48240
3,723.988064383049,2,48240
3,198.898505678392,4,48240
3,142.845813313306,4,48240
3,293.633448835474,4,48840
3,260.672050033403,4,48840
3,281.593048431051,4,48840
3,216.1661709806,4,48820
3,830.676964615761,2,48820
3,598.763137952062,3,46770
3,603.322972315872,3,46770
3,612.191388298847,3,46770
3,754.143165447218,2,46770
3,839.96012497058,2,46770
3,1116.95124347403,2,46770
3,1134.12971815168,2,46770
3,1304.88989671664,2,46770
3,1305.85079569846,2,46770
3,1420.57245019077,2,46770
3,1358.5640732961,2,46770
3,1387.96518890497,2,46770
3,2034.67927857379,1,46770
3,426.393599349056,3,48840
3,470.226869470781,3,48840
2,718.65557640873,2,48840
2,843.678375743297,2,48840
3,350.832444992309,3,48840
3,334.448407073066,3,48840
3,297.58336994881,4,48840
3,282.167643883633,4,48840
3,298.375089889691,4,48840
2,995.637276082649,2,48840
2,928.295804101915,2,48840
2,963.474388123515,2,48840
3,1630.41094825381,1,46130
3,1447.86756169138,2,46130
3,577.24575553733,3,46130
3,530.042489952016,3,46130
3,521.778513689184,3,46130
3,367.529802843716,3,46130
3,706.290500110831,2,46130
3,377.46413312596,3,46130
3,1041.24148952306,2,46130
3,793.785389209087,2,46130
3,1743.59184261616,1,46130
2,1327.38993009947,2,46130
3,1025.8408531826,2,46770
3,228.90381965906,4,46770
3,730.859029798814,2,46770
3,812.609373915473,2,46770
3,1054.57869690426,2,46770
3,673.989396743683,3,46770
3,979.883034356691,2,46770
3,630.984353000656,3,46770
3,417.470746876391,3,46770
3,994.431420400302,2,46770
3,558.172648955249,3,46770
3,231.27809195313,4,46770
3,376.731103533815,3,46770
3,334.122186767587,3,46770
3,735.896814109363,2,46770
3,859.531359894959,2,46770
3,397.944524856613,3,46770
3,1024.43381086846,2,46770
3,3009.51700032763,1,46770
3,213.684622655506,4,46770
3,864.047041469563,2,46770
3,923.591377604743,2,46770
3,718.704855434967,2,46770
3,1293.47026548064,2,46130
1,583.513989821017,3,46230
3,36.0475083487869,5,48840
3,1098.09836888884,2,48850
3,953.468476689581,2,48850
3,374.144664034218,3,48850
3,286.596213506491,4,48850
3,325.656188018715,3,48850
3,563.272221406209,3,48840
3,609.676402936988,3,48840
3,537.287852542313,3,48840
3,671.101938024933,3,48840
3,769.17961893289,2,48840
3,602.058223706491,3,48840
3,654.923526900016,3,48840
3,549.013731298714,3,48840
3,488.86613630345,3,48840
3,312.250456792187,3,48840
3,568.343535892736,3,48840
3,213.670875959585,4,48840
3,154.785665671882,4,48840
3,219.876426708041,4,48840
3,259.852720909527,4,48840
3,265.096926263048,4,48840
3,272.512239355858,4,48840
3,973.539099283508,2,48840
3,1159.35162775241,2,48840
3,1115.49063927631,2,48840
3,2007.99448465916,1,48840
3,2237.84639342986,1,48840
3,2341.50810590568,1,48840
3,2307.71769263838,1,48840
3,2310.0536352684,1,48840
3,450.801944975242,3,48840
3,750.212224169723,2,48840
3,531.631423227987,3,48850
3,155.020178371411,4,48240
3,740.175922215088,2,48840
3,720.476281629076,2,48840
3,669.840131390643,3,48840
3,651.205884178701,3,48840
3,1266.53725390157,2,48840
3,1343.91248492881,2,48840
3,1393.6484727856,2,48840
3,361.460308772121,3,48840
3,813.292027686744,2,48840
3,1971.0962848275,1,46230
3,778.130234398886,2,46130
3,510.538469470699,3,46130
3,552.3122577686,3,46130
3,1440.32707805906,2,46130
3,975.774270198638,2,46130
3,2019.10060064877,1,46130
3,3104.09129153186,1,46130
3,42.9687166659401,5,46780
3,11.1706404588461,5,46780
3,313.994600076914,3,46890
3,234.550823412926,4,46890
3,205.928864965041,4,46890
3,167.942577014808,4,46890
3,158.431331947152,4,46890
3,1294.40105030219,2,46890
3,1269.10204057316,2,46890
3,1206.24257514277,2,46890
3,1214.16754688578,2,46890
3,321.435352018795,3,46890
2,219.008733917076,4,46890
3,1342.4226272122,2,46890
3,1505.15397272598,1,46890
3,496.133594503071,3,46890
3,874.127370532297,2,46890
3,639.57135845726,3,46890
3,1207.56746171456,2,46890
3,1547.31475045923,1,46890
3,1277.34301595097,2,46890
3,956.547386391505,2,46890
3,1328.24442735597,2,46890
3,1073.90735842521,2,46890
3,944.825294298764,2,46890
3,957.954058507862,2,46890
3,1169.29740838268,2,46890
3,1247.22196315536,2,46890
3,532.528343074142,3,46810
3,423.814575715804,3,46810
3,1706.62422465218,1,46890
3,1340.1309891901,2,46890
3,1276.40089252874,2,46890
3,691.302363717682,3,46890
3,794.965061300487,2,46890
3,49.1872314891188,5,46890
3,3213.90287266632,1,46890
3,3210.33970959811,1,46890
3,3198.1359739193,1,46890
3,3168.90578106093,1,46890
3,3161.84445414102,1,46890
3,3122.17284807078,1,46890
3,800.569578339621,2,46890
3,13.967943064498,5,46890
3,589.999941430512,3,46890
2,394.812501463276,3,46890
3,449.856986131079,3,46820
3,462.025532906977,3,46820
3,461.776144513089,3,46820
2,1969.94534708098,1,46810
3,580.652436584937,3,46900
3,431.613419835931,3,46810
3,2151.67308215509,1,46820
3,1774.98692471158,1,46820
3,813.20354079557,2,46820
3,419.321599242127,3,46820
3,171.352603275501,4,46820
3,371.529912165366,3,46900
3,1494.19705189604,2,46820
3,1498.23792439751,2,46820
3,1470.15824573991,2,46820
3,1290.57341087508,2,46820
3,635.209489743754,3,46910
3,116.485362968227,4,46910
2,2115.13079584158,1,46900
2,2570.27031049646,1,46900
3,374.884785729558,3,46910
3,39.9919686716898,5,46910
3,105.791165327303,4,46910
3,321.928557212181,3,46910
3,489.989509531315,3,46910
3,450.49708565596,3,46840
3,521.489381921933,3,46840
3,465.237490543026,3,46110
3,241.949094223214,4,46110
3,632.291515676079,3,46110
3,930.957334282907,2,46910
2,694.117994073774,3,46840
3,312.504815945799,3,46910
3,762.145454592618,2,46910
3,114.667421348845,4,46110
3,1536.73738640683,1,46110
3,394.97083633661,3,46910
3,734.00019476531,2,46910
3,462.275808736414,3,46910
3,431.483177044151,3,46910
3,551.108380774185,3,46910
3,1083.91605920509,2,46910
3,1218.6457698723,2,46910
3,793.481129598733,2,46910
3,907.277898249246,2,46910
3,1820.34621733777,1,46910
3,129.639591467917,4,46910
3,453.887061803662,3,46910
3,491.830070301832,3,46910
3,1098.67309182499,2,46910
3,475.064474200613,3,46910
3,288.930874427919,4,46910
3,765.338369740407,2,46910
3,1083.2263467508,2,46910
3,325.09407906455,3,46910
3,147.874868046709,4,46910
3,428.895929797478,3,46910
3,546.527750173012,3,46910
3,493.685096577228,3,46910
3,78.3756857122014,5,46910
3,575.298787485737,3,46910
3,626.684795637144,3,46910
3,950.76651715085,2,46910
3,1192.00143191074,2,46910
3,1326.52360500561,2,46910
3,197.046428052252,4,46900
3,199.120197362332,4,46910
3,201.794139948027,4,46910
3,167.080532461423,4,46910
3,135.10025431828,4,46910
3,301.419725409845,3,46910
3,292.40003575147,4,46910
2,686.254070682483,3,50130
2,711.762849041385,2,50130
2,681.646850197027,3,50130
2,695.833236891119,3,50130
2,789.50280400284,2,50130
2,652.158111001378,3,50130
2,621.608965723504,3,50130
2,532.631196726334,3,50130
2,395.874179267677,3,50130
2,402.477648007259,3,50130
2,393.751037663346,3,50130
2,379.973736991025,3,50130
2,360.649648529686,3,50130
2,384.979342872222,3,50130
2,348.980747161487,3,50130
3,620.538586471639,3,50130
3,261.168229822354,4,50130
3,275.603296758218,4,50130
2,981.6965172772,2,50130
2,942.873129677311,2,50130
2,947.522872720952,2,50130
2,692.846543221896,3,50130
2,679.093036943224,3,50130
2,655.39812272661,3,50130
2,641.542144968939,3,50130
2,621.650599057978,3,50130
2,615.376112616457,3,50130
2,1073.57523077286,2,50130
2,1075.05709691006,2,50130
2,1134.88316627805,2,50130
2,919.67709922867,2,50130
2,904.709773161925,2,50130
2,810.705579101929,2,50130
2,817.573112177845,2,50130
2,1017.07668838197,2,50130
2,2080.39506512784,1,50130
2,2034.92476789899,1,50130
2,2006.74490780271,1,50130
2,2242.51014420623,1,50130
2,2116.79144459103,1,50130
2,2214.67944182873,1,50130
2,2115.68937088796,1,50130
2,2193.02162898579,1,50130
2,2206.39538496228,1,50130
2,2005.90520203088,1,50130
2,1907.10354940135,1,50130
2,1905.61145403522,1,50130
3,602.110255724649,3,50130
3,545.629656325502,3,50130
3,448.976954726779,3,50130
3,418.456350306006,3,50130
3,426.403109995612,3,50130
3,455.27266583424,3,50130
3,413.045604746104,3,50130
3,413.216811399847,3,50130
3,391.636436159518,3,50130
3,381.809470977087,3,50130
3,390.172220539736,3,50130
3,354.408177171879,3,50130
3,366.014239855227,3,50130
3,385.802751289418,3,50130
3,362.296220264703,3,50130
3,366.490546276454,3,50130
3,366.875471232984,3,50130
3,353.07784752187,3,50130
3,332.727069489903,3,50130
3,368.240873971854,3,50130
3,342.93550219923,3,50130
3,345.182541258398,3,50130
3,350.043615879152,3,50130
2,1864.89632224929,1,50130
2,1429.73156751127,2,50130
2,1362.27192307292,2,50130
2,1219.96940740357,2,50130
2,1294.40217790949,2,50130
2,1299.66701256915,2,50130
2,1148.638555458,2,50130
2,1170.91868977392,2,50130
2,1275.02560027308,2,50130
2,1284.24157265959,2,50130
2,1265.65557540735,2,50130
2,1319.33306725671,2,50130
2,1273.34152837403,2,50130
2,1250.99938239397,2,50130
2,1292.56878220542,2,50130
2,1279.46289846103,2,50130
2,1272.84421450346,2,50130
2,1593.93410340298,1,50130
2,1568.21630370953,1,50130
2,1547.92559785109,1,50130
2,1537.07071121271,1,50130
2,1597.06057183308,1,50130
2,1560.06363241718,1,50130
2,1169.38228561542,2,50130
2,1634.8947411812,1,50130
2,1637.08958727635,1,50130
2,1576.08952916603,1,50130
2,1804.33728477741,1,50130
2,1816.9445658748,1,50130
2,974.765817431604,2,50130
2,931.190322727053,2,50130
2,933.98700641415,2,50130
2,736.632646707242,2,50130
2,745.361262702951,2,50130
2,531.780120317176,3,50130
2,518.489702955978,3,50130
2,631.768478229301,3,50130
3,810.583623512381,2,50130
3,775.494609776501,2,50130
3,745.739287847773,2,50130
3,739.406584886042,2,50130
3,762.741419781025,2,50130
2,1636.90818667194,1,50130
2,1646.84932175081,1,50130
3,543.814472043405,3,50130
2,2023.56508126891,1,50130
2,2095.34309854791,1,50130
2,2046.67647923204,1,50130
2,558.841693589389,3,50130
3,2328.00308283142,1,50130
3,2204.71089992204,1,50130
3,2150.19717297363,1,50130
3,903.076893665485,2,50130
3,523.744393809544,3,50130
3,475.360339896001,3,50130
3,451.535549837713,3,50130
3,411.185655992356,3,50130
3,408.551353962984,3,50130
3,957.238356993905,2,50130
3,795.472960095019,2,50130
3,439.939438947613,3,50130
3,618.318822256956,3,50130
3,273.773100110025,4,50130
2,467.550818926175,3,50130
2,448.395459620134,3,50130
2,1752.95704370229,1,50130
2,1432.49309079325,2,50130
2,1160.89320207106,2,50130
3,112.349752710372,4,50110
3,231.347697594191,4,50110
3,243.792608258101,4,50110
3,264.669162491323,4,50110
3,296.805616704331,4,50110
3,349.776891098357,3,50110
3,652.12499931464,3,50110
3,689.726668206934,3,50110
3,1030.38814622177,2,50130
3,638.553867404657,3,50130
3,600.882133657575,3,50130
3,456.285518069008,3,50130
3,1010.29235832364,2,50130
3,123.106207391987,4,50110
3,535.161509488726,3,50110
3,704.505918847006,2,50110
3,359.06465571162,3,50110
3,269.651214131246,4,50110
3,302.751555764643,3,50110
3,1373.85370519179,2,50110
3,1362.30005434576,2,50110
3,1271.32421728915,2,50110
3,1639.16174798184,1,50110
3,1653.67261194444,1,50110
3,1616.08621555863,1,50110
3,1375.21790161277,2,50110
3,1483.43364204024,2,50110
3,1485.59677710891,2,50110
3,1651.8464056112,1,50110
3,1436.58465141985,2,50110
3,602.861711440646,3,50110
3,657.11948507636,3,50110
3,493.169585985612,3,50110
3,397.419521825206,3,50110
3,649.6097085979,3,50110
3,544.658481281536,3,50110
3,562.199472374797,3,50110
3,2099.10917616087,1,50110
3,1012.68863485863,2,50110
3,1646.51558684256,1,50110
3,586.012210637805,3,50110
3,2066.04035310531,1,50130
3,877.146221270586,2,50130
3,641.409864288033,3,50130
3,581.447451022209,3,50130
3,609.496630908893,3,50130
3,533.104001197549,3,50130
3,1365.46451195515,2,50110
3,1788.54583392264,1,50110
3,1864.0034312407,1,50110
3,1001.31462292337,2,50110
3,1442.65582891776,2,50110
3,1139.724756792,2,50110
3,1491.92708292003,2,50110
3,1628.22226027649,1,50110
3,1674.70565288172,1,50110
3,1444.57814721117,2,50110
3,244.02981389826,4,50110
3,1138.59810015651,2,50110
3,573.615229885771,3,50110
3,695.013132588735,3,50110
3,762.43365250549,2,50110
2,1384.48258946632,2,50110
2,1418.75439793279,2,50110
2,1389.75910637028,2,50110
2,1696.73239493966,1,50110
3,531.061705833736,3,50110
3,503.450265050108,3,50110
3,568.590726829022,3,50110
3,407.182092116173,3,50110
3,489.269327659531,3,50110
3,574.243527151541,3,50110
3,573.512898694134,3,50110
2,2400.15973101637,1,50110
3,451.183053912502,3,50110
3,415.008871132214,3,50110
3,341.726850513468,3,50110
2,957.12064458251,2,50110
2,958.754652344469,2,50110
2,968.136145649293,2,50110
2,987.080678158473,2,50110
2,305.260785185495,3,50110
2,322.796167925081,3,50110
3,711.983731057272,2,50110
3,745.555674870526,2,50110
3,262.163383096295,4,50110
3,301.038517683507,3,50110
3,334.131968921179,3,50110
2,1006.21466989289,2,50110
2,229.527555866172,4,50110
2,345.132782165049,3,50110
2,452.01458075277,3,50110
2,525.988453507747,3,50110
3,467.574581815016,3,50110
