RIVER_SE,RIV_GRD,SIGUNGU_CD,SIGUNGU_NM,RIV_DIS_MIN,RIV_DIS_GRD
RVC002,2,32610,양양군,478.260257869589,3
RVC002,2,32610,양양군,472.676208282641,3
RVC002,2,32610,양양군,464.70973837187,3
RVC002,2,32610,양양군,468.304506619908,3
RVC002,2,32610,양양군,297.178958807951,4
RVC002,2,32610,양양군,302.873386830257,3
RVC002,2,32610,양양군,304.788663392845,3
RVC002,2,32610,양양군,326.807142178329,3
RVC002,2,32610,양양군,323.670775581966,3
RVC002,2,32610,양양군,299.912956110781,4
RVC002,2,32610,양양군,186.619688194541,4
RVC002,2,32610,양양군,194.368821461406,4
RVC002,2,32610,양양군,223.415645875299,4
RVC003,3,32060,속초시,1631.09932136141,1
RVC003,3,32060,속초시,1581.71515722867,1
RVC002,2,32600,고성군,477.029153029658,3
RVC002,2,32600,고성군,463.717888339042,3
RVC002,2,32600,고성군,382.18652618367,3
RVC002,2,32600,고성군,393.260639182595,3
RVC002,2,32600,고성군,383.792197026763,3
RVC002,2,32600,고성군,377.91977322055,3
RVC002,2,32600,고성군,367.149170768626,3
RVC002,2,32600,고성군,400.343650771169,3
RVC002,2,32600,고성군,361.456167815012,3
RVC002,2,32600,고성군,377.040961293955,3
RVC002,2,32600,고성군,227.731055555071,4
RVC002,2,32600,고성군,225.321842866668,4
RVC002,2,32600,고성군,377.770267300447,3
RVC002,2,32600,고성군,277.990958234693,4
RVC002,2,32600,고성군,266.353463012849,4
RVC002,2,32600,고성군,288.065502444886,4
RVC002,2,32600,고성군,359.40003078873,3
RVC002,2,32600,고성군,324.075431513848,3
RVC002,2,32600,고성군,332.83326022522,3
RVC002,2,32600,고성군,321.726278675437,3
RVC002,2,32600,고성군,374.356786289709,3
RVC002,2,32600,고성군,334.618568016623,3
RVC002,2,32600,고성군,365.697996699351,3
RVC002,2,32600,고성군,381.43828970532,3
RVC002,2,32600,고성군,351.076341311304,3
RVC002,2,32600,고성군,323.262351428533,3
RVC002,2,32600,고성군,336.580011259405,3
RVC002,2,32600,고성군,329.59829203715,3
RVC002,2,32600,고성군,318.828436418684,3
RVC002,2,32600,고성군,325.925213498398,3
RVC002,2,32600,고성군,380.315694546054,3
RVC002,2,32600,고성군,303.324967378673,3
RVC003,3,32600,고성군,141.622629100142,4
RVC003,3,32600,고성군,656.145335835874,3
RVC003,3,32600,고성군,707.338940468334,2
RVC003,3,32600,고성군,341.975599393012,3
RVC003,3,32600,고성군,212.948211392026,4
RVC003,3,32600,고성군,180.569170932579,4
RVC003,3,32600,고성군,210.118534261866,4
RVC003,3,32600,고성군,184.998275142099,4
RVC003,3,32600,고성군,231.956772756854,4
RVC003,3,32600,고성군,125.97217457524,4
RVC003,3,32600,고성군,196.605881314514,4
RVC003,3,32600,고성군,400.772982851068,3
RVC003,3,32600,고성군,797.290824775506,2
RVC003,3,32600,고성군,801.335685190651,2
RVC003,3,32600,고성군,788.419388068536,2
RVC003,3,32600,고성군,788.130695476606,2
RVC003,3,32600,고성군,795.994176689829,2
RVC003,3,32600,고성군,802.735030811884,2
RVC003,3,32600,고성군,841.722630446664,2
RVC003,3,32600,고성군,827.031277956653,2
RVC003,3,32600,고성군,433.8873055547,3
RVC003,3,32600,고성군,773.872823620515,2
RVC003,3,32600,고성군,464.309573558022,3
RVC003,3,32600,고성군,801.855519785271,2
RVC003,3,32600,고성군,491.383606746339,3
RVC003,3,32600,고성군,855.910358025524,2
RVC003,3,32600,고성군,862.969827433299,2
RVC003,3,32600,고성군,865.136091305452,2
RVC003,3,32600,고성군,539.499585133935,3
RVC003,3,32600,고성군,548.277869366102,3
RVC003,3,32600,고성군,551.821279205875,3
RVC002,2,32600,고성군,840.836846690703,2
RVC003,3,32600,고성군,414.836226945087,3
RVC003,3,32600,고성군,427.557123732532,3
RVC003,3,32600,고성군,345.635371873767,3
RVC003,3,32600,고성군,334.734297852426,3
RVC003,3,32600,고성군,384.263146874676,3
RVC003,3,32600,고성군,410.606710515762,3
RVC003,3,32600,고성군,349.104340252347,3
RVC003,3,32600,고성군,229.390197377166,4
RVC003,3,32600,고성군,223.514201553586,4
RVC002,2,32600,고성군,292.395346001576,4
RVC002,2,32600,고성군,295.38605881063,4
RVC002,2,32600,고성군,302.273965740654,3
RVC002,2,32600,고성군,257.677468570731,4
RVC002,2,32600,고성군,254.136110427147,4
RVC002,2,32600,고성군,257.933020012422,4
RVC002,2,32600,고성군,267.624763002833,4
RVC003,3,32600,고성군,251.165733521833,4
RVC003,3,32600,고성군,249.657664014374,4
RVC003,3,32600,고성군,242.686399399472,4
RVC003,3,32600,고성군,240.354597761697,4
RVC003,3,32600,고성군,598.154565814843,3
RVC003,3,32600,고성군,633.781422185781,3
RVC003,3,32600,고성군,539.893728462559,3
RVC003,3,32600,고성군,545.100576911427,3
RVC003,3,32600,고성군,495.76068915432,3
RVC003,3,32600,고성군,535.411848380692,3
RVC003,3,32600,고성군,490.104238487441,3
RVC003,3,32600,고성군,425.944460106901,3
RVC003,3,32600,고성군,420.71545208805,3
RVC003,3,32600,고성군,395.569231894462,3
RVC003,3,32600,고성군,377.86996027032,3
RVC003,3,32600,고성군,356.573839050736,3
RVC003,3,32600,고성군,317.856252812466,3
RVC003,3,32600,고성군,297.96891895008,4
RVC003,3,32600,고성군,304.282244094691,3
RVC003,3,32600,고성군,298.316987742862,4
RVC003,3,32600,고성군,307.985487871417,3
RVC003,3,32600,고성군,385.638734875906,3
RVC003,3,32600,고성군,262.759656283856,4
RVC003,3,32600,고성군,291.500590438323,4
RVC003,3,32600,고성군,257.535240831536,4
RVC003,3,32600,고성군,278.228371124882,4
RVC003,3,32600,고성군,400.063510669574,3
RVC003,3,32600,고성군,433.75949691149,3
RVC003,3,32600,고성군,439.300510812144,3
RVC003,3,32600,고성군,444.480471958343,3
RVC003,3,32600,고성군,447.007312117391,3
RVC003,3,32600,고성군,8387.62841169273,1
RVC002,2,32560,철원군,7257.95472492637,1
RVC003,3,37620,울진군,319.918878269098,3
RVC003,3,37620,울진군,304.242402249541,3
RVC003,3,37620,울진군,214.000510887322,4
RVC003,3,37620,울진군,251.633430327616,4
RVC003,3,37620,울진군,184.467469510701,4
RVC003,3,37620,울진군,817.650164955265,2
RVC003,3,37620,울진군,827.565117154991,2
RVC003,3,37620,울진군,846.919355275056,2
RVC003,3,37620,울진군,710.271290565013,2
RVC003,3,37620,울진군,655.739542256839,3
RVC003,3,37620,울진군,602.101938907577,3
RVC003,3,37620,울진군,531.13943267993,3
RVC003,3,37620,울진군,594.503342331608,3
RVC003,3,37620,울진군,467.057790483514,3
RVC003,3,37620,울진군,448.947068869665,3
RVC003,3,37620,울진군,447.4470352309,3
RVC003,3,37620,울진군,474.32028584675,3
RVC003,3,37620,울진군,401.033674707499,3
RVC003,3,37620,울진군,324.551700157151,3
RVC003,3,37620,울진군,344.76725978294,3
RVC003,3,37620,울진군,303.729317329937,3
RVC003,3,37620,울진군,310.245099046881,3
RVC003,3,37620,울진군,300.619784395409,3
RVC003,3,37620,울진군,324.803755775779,3
RVC003,3,37620,울진군,355.361872391255,3
RVC003,3,37620,울진군,285.232012194348,4
RVC003,3,37620,울진군,255.654130126911,4
RVC003,3,37620,울진군,143.727728676018,4
RVC003,3,37620,울진군,170.587563847641,4
RVC003,3,37620,울진군,164.139731251298,4
RVC003,3,37620,울진군,337.757139195217,3
RVC002,2,37620,울진군,345.474620694688,3
RVC002,2,37620,울진군,366.030138232007,3
RVC002,2,37620,울진군,298.289307077367,4
RVC002,2,37620,울진군,304.445188720696,3
RVC002,2,37620,울진군,268.686500737473,4
RVC002,2,32070,삼척시,1743.49160598812,1
RVC003,3,32070,삼척시,124.214295915673,4
RVC003,3,32070,삼척시,160.123564263488,4
RVC003,3,32070,삼척시,183.375160934606,4
RVC003,3,32070,삼척시,290.900323333107,4
RVC002,2,32070,삼척시,161.19973768528,4
RVC002,2,32070,삼척시,133.605437692032,4
RVC002,2,32070,삼척시,164.61246787651,4
RVC002,2,32070,삼척시,106.909739598789,4
RVC003,3,32070,삼척시,409.481239903161,3
RVC003,3,32070,삼척시,345.744019346144,3
RVC003,3,32070,삼척시,385.38237710352,3
RVC003,3,32070,삼척시,337.906137822993,3
RVC003,3,32070,삼척시,348.449070118868,3
RVC003,3,32070,삼척시,356.107226581322,3
RVC003,3,32070,삼척시,324.512889089216,3
RVC003,3,32070,삼척시,327.579699757869,3
RVC003,3,32070,삼척시,330.6578661265,3
RVC003,3,32070,삼척시,328.132495296179,3
RVC003,3,32070,삼척시,346.900509267513,3
RVC003,3,32070,삼척시,371.312523461948,3
RVC003,3,32070,삼척시,380.339110551084,3
RVC003,3,32070,삼척시,166.583829522566,4
RVC003,3,32070,삼척시,231.819107592484,4
RVC003,3,32070,삼척시,265.619339398507,4
RVC003,3,32070,삼척시,207.073188531189,4
RVC003,3,32070,삼척시,250.915795353477,4
RVC002,2,32070,삼척시,375.466197445179,3
RVC002,2,32070,삼척시,385.326440093426,3
RVC003,3,32040,동해시,283.492799225576,4
RVC003,3,32040,동해시,302.463039623838,3
RVC003,3,32040,동해시,313.949296148492,3
RVC003,3,32040,동해시,271.971424974124,4
RVC003,3,32040,동해시,266.229053261046,4
RVC003,3,32040,동해시,185.712336423454,4
RVC003,3,32040,동해시,152.424708721086,4
RVC003,3,32040,동해시,1305.80911750928,2
RVC002,2,32070,삼척시,232.024681060601,4
RVC002,2,32070,삼척시,242.13640022883,4
RVC002,2,32070,삼척시,264.81347253701,4
RVC002,2,32070,삼척시,272.674653982909,4
RVC002,2,32070,삼척시,196.055720998147,4
RVC002,2,32070,삼척시,195.132352985042,4
RVC002,2,32070,삼척시,136.320702530908,4
RVC002,2,32070,삼척시,241.305141180159,4
RVC002,2,32070,삼척시,224.798137263697,4
RVC002,2,32070,삼척시,301.373810836642,3
RVC003,3,32070,삼척시,649.048588388131,3
RVC003,3,32070,삼척시,658.570219811681,3
RVC003,3,32070,삼척시,696.858581375974,3
RVC003,3,32070,삼척시,820.682043792391,2
RVC003,3,32070,삼척시,838.63761247653,2
RVC003,3,32070,삼척시,850.236255589478,2
RVC003,3,32070,삼척시,889.597672187763,2
RVC003,3,32070,삼척시,915.587812466555,2
RVC003,3,32070,삼척시,917.80333582169,2
RVC003,3,32070,삼척시,921.090806514197,2
RVC003,3,32030,강릉시,299.704991081262,4
RVC003,3,32030,강릉시,279.164031238229,4
RVC002,2,32030,강릉시,453.630331677423,3
RVC003,3,32040,동해시,182.499552491855,4
RVC003,3,32040,동해시,640.674102901103,3
RVC003,3,32040,동해시,189.636209343213,4
RVC003,3,32040,동해시,308.775145102277,3
RVC003,3,32040,동해시,372.276240318669,3
RVC003,3,32040,동해시,459.645653735176,3
RVC003,3,32040,동해시,502.181404749435,3
RVC003,3,32040,동해시,551.69638233807,3
RVC003,3,32040,동해시,649.738312944275,3
RVC003,3,32030,강릉시,286.818558743777,4
RVC003,3,32040,동해시,239.569182769761,4
RVC003,3,32040,동해시,220.904941832358,4
RVC003,3,32040,동해시,211.963842641606,4
RVC003,3,32040,동해시,198.079836948127,4
RVC002,2,32050,태백시,204.05614781886,4
RVC003,3,32030,강릉시,826.609953533056,2
RVC003,3,32030,강릉시,829.122809812903,2
RVC003,3,32030,강릉시,761.509633084143,2
RVC003,3,32540,평창군,178.815006698333,4
RVC003,3,32610,양양군,443.409230969353,3
RVC003,3,32610,양양군,466.433056919213,3
RVC003,3,32610,양양군,410.706533927758,3
RVC003,3,32610,양양군,290.36999924362,4
RVC003,3,32610,양양군,285.32891212853,4
RVC003,3,32610,양양군,296.468717547462,4
RVC003,3,32610,양양군,151.7639970305,4
RVC003,3,32610,양양군,272.769369480015,4
RVC003,3,32610,양양군,213.561761696984,4
RVC003,3,32610,양양군,251.354470534844,4
RVC003,3,32610,양양군,307.093277349705,3
RVC003,3,32610,양양군,221.891926608693,4
RVC003,3,32610,양양군,258.192452888634,4
RVC003,3,32030,강릉시,875.8212086956,2
RVC003,3,32030,강릉시,857.425031532952,2
RVC003,3,32030,강릉시,515.319506038972,3
RVC003,3,32030,강릉시,484.240437301194,3
RVC003,3,32030,강릉시,491.296464204972,3
RVC003,3,32030,강릉시,476.101511057004,3
RVC003,3,32030,강릉시,428.512827642073,3
RVC003,3,32030,강릉시,450.738825131642,3
RVC003,3,32030,강릉시,419.209419393874,3
RVC003,3,32030,강릉시,332.427805498061,3
RVC003,3,32030,강릉시,476.433824863242,3
RVC003,3,32030,강릉시,839.18092990404,2
RVC003,3,32030,강릉시,881.668196280462,2
RVC003,3,32030,강릉시,876.980657832899,2
RVC003,3,32030,강릉시,908.108900986303,2
RVC003,3,32030,강릉시,449.128600165135,3
RVC002,2,31140,오산시,924.8966962268,2
RVC002,2,31250,광주시,193.402383198067,4
RVC003,3,31021,성남시 수정구,276.631074336286,4
RVC002,2,31013,수원시 팔달구,716.594260181824,2
RVC002,2,11230,강남구,563.548757682933,3
RVC002,2,11040,성동구,161.089568892351,4
RVC002,2,11090,강북구,188.286720902041,4
RVC002,2,11110,노원구,572.649772503663,3
RVC002,2,31080,동두천시,567.530279934838,3
RVC003,3,31240,화성시,331.099501344126,3
RVC003,3,31240,화성시,721.728546882242,2
RVC003,3,31240,화성시,3157.36360583413,1
RVC003,3,31240,화성시,3349.56303171115,1
RVC002,2,31240,화성시,3654.72316539837,1
RVC003,3,34080,당진시,1062.2962169854,2
RVC003,3,34080,당진시,1362.79074849538,2
RVC003,3,34080,당진시,579.119004672297,3
RVC003,3,34080,당진시,54.643041796741,5
RVC003,3,23520,옹진군,2027.93776244169,1
RVC003,3,23520,옹진군,1506.42608484029,1
RVC003,3,23520,옹진군,926.318397899124,2
RVC003,3,23520,옹진군,918.597310742599,2
RVC003,3,23520,옹진군,1207.13446817762,2
RVC003,3,23520,옹진군,1106.07431616152,2
RVC003,3,23520,옹진군,1441.3127702237,2
RVC003,3,23520,옹진군,1543.25684052862,1
RVC003,3,23520,옹진군,1295.95021122629,2
RVC003,3,23520,옹진군,1077.15315781113,2
RVC003,3,23520,옹진군,1009.58100220667,2
RVC002,2,11210,관악구,261.005352767392,4
RVC002,2,11170,구로구,918.190200724955,2
RVC001,1,11180,금천구,1711.27790166393,1
RVC002,2,31170,의왕시,35.9850733855562,5
RVC002,2,31042,안양시 동안구,485.887939197632,3
RVC003,3,31012,수원시 권선구,486.709140163857,3
RVC001,1,31041,안양시 만안구,320.261774528217,3
RVC003,3,31240,화성시,2417.02882245838,1
RVC003,3,31240,화성시,2614.87247129022,1
RVC003,3,31092,안산시 단원구,470.087557681468,3
RVC003,3,31240,화성시,278.516229547108,4
RVC003,3,23040,연수구,754.200742339547,2
RVC003,3,23010,중구,515.453406027547,3
RVC003,3,23010,중구,473.819051383354,3
RVC003,3,23010,중구,330.189537178083,3
RVC003,3,23010,중구,434.47011749327,3
RVC003,3,23010,중구,401.779513632419,3
RVC003,3,23010,중구,412.254571527764,3
RVC003,3,23010,중구,1144.77972092829,2
RVC003,3,23010,중구,840.769795357368,2
RVC003,3,23520,옹진군,579.988694976269,3
RVC003,3,23520,옹진군,1261.50362565987,2
RVC003,3,23520,옹진군,133.489184558936,4
RVC003,3,23520,옹진군,287.528918926705,4
RVC003,3,23520,옹진군,334.374074488105,3
RVC003,3,23520,옹진군,324.961077753954,3
RVC003,3,23520,옹진군,1179.09628391463,2
RVC003,3,23520,옹진군,1115.18601325157,2
RVC003,3,23520,옹진군,1137.54339386411,2
RVC003,3,23520,옹진군,1118.54514795001,2
RVC003,3,23520,옹진군,1090.8815865846,2
RVC003,3,23520,옹진군,220.111326840976,4
RVC003,3,23520,옹진군,220.38345294224,4
RVC003,3,23520,옹진군,224.329727634681,4
RVC003,3,23520,옹진군,1120.79466647638,2
RVC003,3,23520,옹진군,290.324609511459,4
RVC003,3,23520,옹진군,1031.62391516613,2
RVC003,3,23520,옹진군,982.014552615202,2
RVC003,3,23520,옹진군,975.965806935982,2
RVC003,3,23520,옹진군,968.268180965862,2
RVC002,2,31103,고양시 일산동구,1421.23856825211,2
RVC003,3,31053,부천시 오정구,220.810958047953,4
RVC003,3,11020,중구,72.3435497970401,5
RVC002,2,11130,서대문구,562.351273142865,3
RVC002,2,11140,마포구,59.3967804714986,5
RVC003,3,31101,고양시 덕양구,627.720136237612,3
RVC003,3,23510,강화군,228.726001742143,4
RVC003,3,23510,강화군,288.514690656226,4
RVC003,3,23510,강화군,344.93698353414,3
RVC003,3,23510,강화군,9648.16199319759,1
RVC003,3,23510,강화군,14313.9199182608,1
RVC003,3,23510,강화군,13499.5925787718,1
RVC003,3,23510,강화군,624.143233279856,3
RVC003,3,23010,중구,952.602488567518,2
RVC003,3,23520,옹진군,291.154341651645,4
RVC003,3,23510,강화군,143.151511623678,4
RVC003,3,37011,포항시 남구,554.023369624207,3
RVC003,3,37011,포항시 남구,525.125458009605,3
RVC003,3,37011,포항시 남구,455.240064292775,3
RVC003,3,37011,포항시 남구,478.195017744072,3
RVC003,3,37011,포항시 남구,500.76021576795,3
RVC003,3,37011,포항시 남구,574.939438812158,3
RVC003,3,37011,포항시 남구,619.484901913926,3
RVC003,3,37011,포항시 남구,295.607132210512,4
RVC003,3,37011,포항시 남구,207.16850744269,4
RVC003,3,37011,포항시 남구,192.242863308005,4
RVC003,3,37011,포항시 남구,135.61456846483,4
RVC003,3,37011,포항시 남구,476.789902277839,3
RVC003,3,37011,포항시 남구,487.03381377026,3
RVC003,3,37011,포항시 남구,454.979971727925,3
RVC003,3,37011,포항시 남구,549.254077890965,3
RVC003,3,37011,포항시 남구,448.146830423366,3
RVC003,3,37011,포항시 남구,386.154648374109,3
RVC003,3,37011,포항시 남구,237.276347184079,4
RVC003,3,37011,포항시 남구,256.141941180604,4
RVC003,3,37012,포항시 북구,132.859530629575,4
RVC003,3,37012,포항시 북구,325.694634193542,3
RVC003,3,37012,포항시 북구,313.644223318337,3
RVC003,3,37012,포항시 북구,240.692161016388,4
RVC003,3,37012,포항시 북구,214.910465214523,4
RVC003,3,37012,포항시 북구,273.448170607935,4
RVC003,3,37012,포항시 북구,269.237876388065,4
RVC003,3,37012,포항시 북구,341.67798884446,3
RVC003,3,37012,포항시 북구,374.210176151811,3
RVC001,1,37011,포항시 남구,563.775687092214,3
RVC002,2,37011,포항시 남구,1946.49691925452,1
RVC002,2,37011,포항시 남구,1989.69020351071,1
RVC003,3,37012,포항시 북구,290.80704981028,4
RVC003,3,37012,포항시 북구,361.595819124049,3
RVC003,3,37012,포항시 북구,383.171805088059,3
RVC002,2,37012,포항시 북구,455.26762603998,3
RVC002,2,37012,포항시 북구,65.1427419155085,5
RVC002,2,37012,포항시 북구,265.121682609353,4
RVC003,3,37550,영덕군,396.668548289124,3
RVC003,3,37550,영덕군,398.414345881657,3
RVC003,3,37550,영덕군,399.804338115641,3
RVC003,3,37550,영덕군,441.373446092611,3
RVC003,3,37550,영덕군,438.321401438304,3
RVC003,3,37550,영덕군,279.090681523926,4
RVC003,3,37550,영덕군,407.853394057253,3
RVC003,3,37550,영덕군,353.628555369889,3
RVC003,3,37550,영덕군,376.73512737657,3
RVC002,2,37550,영덕군,560.033399310885,3
RVC002,2,37550,영덕군,565.166251581718,3
RVC002,2,37530,청송군,234.020268165522,4
RVC002,2,37550,영덕군,442.182882475193,3
RVC002,2,37550,영덕군,459.56567048581,3
RVC002,2,37550,영덕군,626.931223306247,3
RVC002,2,37550,영덕군,750.998203202425,2
RVC002,2,37550,영덕군,602.564290395826,3
RVC002,2,37550,영덕군,610.856294967496,3
RVC003,3,37620,울진군,275.473439892497,4
RVC003,3,37620,울진군,322.464247499341,3
RVC003,3,37620,울진군,338.782408895425,3
RVC003,3,37620,울진군,172.620758658283,4
RVC002,2,37620,울진군,310.947390401191,3
RVC002,2,37620,울진군,246.657116383977,4
RVC003,3,37620,울진군,273.794556344065,4
RVC003,3,37620,울진군,308.062334336129,3
RVC003,3,37620,울진군,293.717721636061,4
RVC003,3,37620,울진군,307.73725953005,3
RVC003,3,37620,울진군,316.556193688719,3
RVC003,3,37620,울진군,298.060022023105,4
RVC003,3,37620,울진군,308.841289340717,3
RVC003,3,37620,울진군,315.91283857393,3
RVC003,3,37620,울진군,325.022283199457,3
RVC003,3,37620,울진군,351.194042641881,3
RVC003,3,37620,울진군,361.953680323307,3
RVC003,3,37620,울진군,154.471952366263,4
RVC003,3,37620,울진군,138.501076198576,4
RVC003,3,37620,울진군,143.119056435813,4
RVC003,3,37620,울진군,141.268427288085,4
RVC003,3,37620,울진군,196.059073161044,4
RVC003,3,37620,울진군,141.399680282839,4
RVC003,3,37620,울진군,178.217074614561,4
RVC003,3,37620,울진군,165.17096871211,4
RVC003,3,37620,울진군,144.145244373447,4
RVC003,3,37620,울진군,148.733169521581,4
RVC003,3,37620,울진군,255.217152194771,4
RVC003,3,37620,울진군,280.460970518069,4
RVC003,3,37620,울진군,135.027602021447,4
RVC003,3,37620,울진군,215.87849968208,4
RVC003,3,37620,울진군,262.896225555531,4
RVC003,3,37620,울진군,267.795406704429,4
RVC003,3,37620,울진군,320.057876817444,3
RVC003,3,37620,울진군,175.658308328795,4
RVC003,3,37620,울진군,174.043730843937,4
RVC003,3,37620,울진군,188.916530798818,4
RVC003,3,37620,울진군,208.424311427561,4
RVC003,3,37620,울진군,237.055023797949,4
RVC003,3,37620,울진군,258.07299647968,4
RVC003,3,37620,울진군,324.252886523717,3
RVC003,3,37620,울진군,329.689281613453,3
RVC003,3,22520,군위군,87.0588750599348,5
RVC003,3,37040,안동시,420.505230905494,3
RVC002,2,37060,영주시,496.643882260969,3
RVC002,2,33580,단양군,395.019674354173,3
RVC001,1,25030,서구,143.198681307293,4
RVC003,3,25020,중구,188.444221340105,4
RVC003,3,25010,동구,113.278063164978,4
RVC002,2,29010,세종시,400.601707171051,3
RVC001,1,33043,청주시 흥덕구,833.227035559287,2
RVC003,3,33590,증평군,319.245126874618,3
RVC003,3,35020,군산시,639.819358356447,3
RVC003,3,35020,군산시,482.176461609643,3
RVC003,3,35020,군산시,776.355865087158,2
RVC003,3,35020,군산시,794.573398753168,2
RVC003,3,35020,군산시,933.645805277484,2
RVC003,3,35020,군산시,1007.69870191974,2
RVC003,3,35020,군산시,1063.64593405709,2
RVC003,3,35020,군산시,1188.94151038517,2
RVC003,3,35020,군산시,1207.45455931755,2
RVC003,3,34540,서천군,575.401117173607,3
RVC003,3,34540,서천군,2956.69684967622,1
RVC003,3,34540,서천군,2545.96358838011,1
RVC003,3,34540,서천군,2504.72290554755,1
RVC003,3,34540,서천군,2380.49626034937,1
RVC003,3,34540,서천군,3770.43787517527,1
RVC003,3,34540,서천군,504.852023070169,3
RVC003,3,34540,서천군,1710.89263878773,1
RVC003,3,35020,군산시,137.569985606623,4
RVC002,2,34030,보령시,414.5291875581,3
RVC003,3,34580,태안군,1220.16171531472,2
RVC003,3,34580,태안군,1020.1081037327,2
RVC003,3,34580,태안군,3342.74106741287,1
RVC003,3,34580,태안군,3253.3286698456,1
RVC003,3,34580,태안군,3266.8292864256,1
RVC003,3,34580,태안군,3194.58658046344,1
RVC003,3,34580,태안군,2378.36557247579,1
RVC003,3,34580,태안군,3197.6884897989,1
RVC003,3,34580,태안군,3062.50336489448,1
RVC003,3,34580,태안군,3258.88025295725,1
RVC003,3,34580,태안군,2334.07495945472,1
RVC003,3,34580,태안군,3156.34018709612,1
RVC003,3,34580,태안군,2308.62515114985,1
RVC003,3,34580,태안군,2281.35034353439,1
RVC003,3,34580,태안군,3106.10694934845,1
RVC003,3,34580,태안군,3236.93793231413,1
RVC003,3,34580,태안군,3242.68071867605,1
RVC003,3,34580,태안군,3119.12036224415,1
RVC003,3,34580,태안군,2313.94155739314,1
RVC003,3,34580,태안군,3102.32850994099,1
RVC003,3,34580,태안군,2357.83791986956,1
RVC003,3,34580,태안군,2022.42548938337,1
RVC003,3,34580,태안군,2338.99011409814,1
RVC003,3,34580,태안군,2025.00409091584,1
RVC003,3,34580,태안군,3195.39785130579,1
RVC003,3,34580,태안군,3145.12834482537,1
RVC003,3,34580,태안군,2000.70059347207,1
RVC003,3,34580,태안군,1968.25018561481,1
RVC003,3,34580,태안군,1981.71095160259,1
RVC003,3,34580,태안군,2209.35496555397,1
RVC003,3,34580,태안군,2195.5728441825,1
RVC003,3,34580,태안군,2167.02708016956,1
RVC003,3,34580,태안군,2154.96655040097,1
RVC003,3,34580,태안군,2167.09471438717,1
RVC003,3,34580,태안군,2177.09830559032,1
RVC003,3,34580,태안군,3052.56980040533,1
RVC003,3,34580,태안군,3087.54477023778,1
RVC003,3,34580,태안군,3053.54881882263,1
RVC003,3,34580,태안군,3128.39759958391,1
RVC003,3,34580,태안군,3045.05850207863,1
RVC003,3,34580,태안군,3071.72245053375,1
RVC003,3,34580,태안군,3063.10872728104,1
RVC003,3,34580,태안군,3094.2509588111,1
RVC003,3,34580,태안군,3048.67175334724,1
RVC003,3,34580,태안군,3055.11327811043,1
RVC003,3,34580,태안군,2998.15342801493,1
RVC003,3,34580,태안군,2421.33979829276,1
RVC003,3,34580,태안군,2454.94288925491,1
RVC003,3,34580,태안군,2445.97000692103,1
RVC003,3,34580,태안군,2447.03741110777,1
RVC003,3,34580,태안군,2972.6395123455,1
RVC003,3,34580,태안군,3048.60329902279,1
RVC003,3,34580,태안군,2458.66302017444,1
RVC003,3,34580,태안군,2445.72976193465,1
RVC003,3,34580,태안군,3003.62485731974,1
RVC003,3,34580,태안군,2899.84238624067,1
RVC003,3,34580,태안군,2575.66273816446,1
RVC003,3,34580,태안군,2595.5905033366,1
RVC003,3,34580,태안군,2577.80190323343,1
RVC003,3,34580,태안군,2567.41899869019,1
RVC003,3,34580,태안군,809.755449906252,2
RVC003,3,34580,태안군,777.2981048807,2
RVC003,3,34580,태안군,815.198722934074,2
RVC003,3,34580,태안군,817.718664325049,2
RVC002,2,34030,보령시,2018.33591931249,1
RVC002,2,34030,보령시,2471.77056099474,1
RVC002,2,34030,보령시,2351.54542244977,1
RVC002,2,34030,보령시,2734.72561020512,1
RVC002,2,34030,보령시,2500.37605465129,1
RVC002,2,34030,보령시,2858.82698795843,1
RVC002,2,34030,보령시,2486.74772894593,1
RVC002,2,34030,보령시,2268.20889943938,1
RVC002,2,34030,보령시,2852.44795391456,1
RVC003,3,34030,보령시,741.993727398917,2
RVC003,3,34030,보령시,1067.7245902576,2
RVC003,3,34030,보령시,2378.93894111674,1
RVC003,3,34030,보령시,2538.63124547446,1
RVC003,3,34580,태안군,587.35351574192,3
RVC003,3,34580,태안군,600.120634329594,3
RVC003,3,34580,태안군,1327.23557704688,2
RVC003,3,34580,태안군,1310.94298476279,2
RVC003,3,34580,태안군,1293.40553047744,2
RVC003,3,34580,태안군,1305.81178954566,2
RVC003,3,34580,태안군,1315.93247056605,2
RVC003,3,34580,태안군,807.890239265994,2
RVC003,3,34580,태안군,981.634245366913,2
RVC003,3,34580,태안군,969.474826312277,2
RVC003,3,34580,태안군,916.56311248367,2
RVC003,3,34580,태안군,515.386298856087,3
RVC003,3,34580,태안군,410.979602202675,3
RVC003,3,34580,태안군,403.142222731029,3
RVC003,3,34580,태안군,391.759382950539,3
RVC003,3,34580,태안군,353.720865283914,3
RVC003,3,34580,태안군,340.931745688598,3
RVC003,3,34580,태안군,490.398880651963,3
RVC003,3,34580,태안군,492.092067782871,3
RVC003,3,34580,태안군,746.842157648508,2
RVC003,3,34580,태안군,383.168896387177,3
RVC003,3,34580,태안군,355.509158448742,3
RVC003,3,34580,태안군,371.899713407204,3
RVC003,3,34580,태안군,291.573838562445,4
RVC003,3,34580,태안군,366.312977239659,3
RVC003,3,34580,태안군,276.55853268621,4
RVC003,3,34580,태안군,275.762499738093,4
RVC003,3,34580,태안군,346.777856651794,3
RVC003,3,34580,태안군,249.423797944809,4
RVC003,3,34580,태안군,257.431276796677,4
RVC003,3,34080,당진시,3231.3172986503,1
RVC002,2,31240,화성시,2650.33321783688,1
RVC002,2,31240,화성시,2706.64863236834,1
RVC002,2,31240,화성시,2752.6659705128,1
RVC002,2,31240,화성시,2750.24987066289,1
RVC002,2,31240,화성시,2779.63953209008,1
RVC002,2,31240,화성시,2773.46317827364,1
RVC002,2,31240,화성시,2783.5866778178,1
RVC002,2,31240,화성시,2783.55448908659,1
RVC002,2,31240,화성시,2763.93869812538,1
RVC002,2,31240,화성시,3064.85815866276,1
RVC003,3,34050,서산시,3193.91231409353,1
RVC003,3,34580,태안군,584.490692584955,3
RVC003,3,34580,태안군,517.858304393633,3
RVC003,3,34580,태안군,480.758592733688,3
RVC003,3,34580,태안군,772.607185551816,2
RVC003,3,34580,태안군,820.894747150828,2
RVC003,3,34580,태안군,801.562960423002,2
RVC003,3,34580,태안군,1124.93352790407,2
RVC003,3,34580,태안군,1112.29686616987,2
RVC003,3,34580,태안군,1078.9213906522,2
RVC003,3,34580,태안군,1090.67639865222,2
RVC003,3,34580,태안군,1094.9206366955,2
RVC003,3,34580,태안군,1112.77601992255,2
RVC003,3,34580,태안군,1077.52187624782,2
RVC003,3,35020,군산시,2205.04289516444,1
RVC003,3,35020,군산시,1178.08677248263,2
RVC003,3,35020,군산시,1165.12404671915,2
RVC003,3,35020,군산시,1155.94910896431,2
RVC003,3,35020,군산시,1108.92719261112,2
RVC003,3,35020,군산시,1078.48865399008,2
RVC003,3,35020,군산시,1056.9329464772,2
RVC003,3,35020,군산시,897.681403845287,2
RVC003,3,35020,군산시,855.503924979751,2
RVC003,3,35020,군산시,775.867857361709,2
RVC003,3,35020,군산시,997.29084806592,2
RVC002,2,21140,수영구,1858.99830965872,1
RVC002,2,21090,해운대구,1048.45869073497,2
RVC002,2,21090,해운대구,1040.04396051651,2
RVC002,2,21090,해운대구,1024.85925629717,2
RVC002,2,21090,해운대구,1021.3201903165,2
RVC002,2,21510,기장군,1166.11656988787,2
RVC002,2,21510,기장군,1155.22692552689,2
RVC002,2,21510,기장군,1159.22200558403,2
RVC002,2,21510,기장군,1124.77578566884,2
RVC002,2,21510,기장군,1114.40762806274,2
RVC002,2,21510,기장군,1063.19302938808,2
RVC002,2,21510,기장군,993.224556400721,2
RVC002,2,21510,기장군,981.145635548005,2
RVC002,2,21510,기장군,912.212679311169,2
RVC002,2,21510,기장군,553.526817668746,3
RVC003,3,21510,기장군,388.655215765189,3
RVC003,3,21510,기장군,293.950473343656,4
RVC003,3,21510,기장군,489.496198455796,3
RVC003,3,21510,기장군,387.073561352912,3
RVC002,2,21060,동래구,144.328360544613,4
RVC003,3,21040,영도구,63.5929569430409,5
RVC003,3,21010,중구,1439.70089889823,2
RVC003,3,26030,동구,2301.06003959611,1
RVC002,2,26510,울주군,1203.53163787126,2
RVC002,2,26510,울주군,1166.8907172433,2
RVC002,2,26510,울주군,1107.85663742956,2
RVC002,2,26510,울주군,1083.05786634101,2
RVC002,2,26510,울주군,1076.52046832526,2
RVC002,2,26510,울주군,1048.42732858318,2
RVC002,2,26510,울주군,948.773147136797,2
RVC002,2,26510,울주군,950.824985129844,2
RVC002,2,26510,울주군,981.169245596573,2
RVC002,2,26510,울주군,922.57358231551,2
RVC002,2,26510,울주군,886.51863507673,2
RVC002,2,26510,울주군,873.669789682105,2
RVC002,2,26510,울주군,882.988164244809,2
RVC002,2,26510,울주군,726.236710763454,2
RVC002,2,26510,울주군,710.133451155143,2
RVC002,2,26510,울주군,735.80454432106,2
RVC002,2,26510,울주군,724.324324296104,2
RVC002,2,26510,울주군,729.050539570901,2
RVC002,2,26510,울주군,661.791418514065,3
RVC002,2,26510,울주군,656.037692308209,3
RVC003,3,26510,울주군,401.365994892302,3
RVC003,3,26510,울주군,394.180473150091,3
RVC003,3,26510,울주군,304.810602797172,3
RVC003,3,26510,울주군,306.353094604609,3
RVC003,3,26510,울주군,295.181634860964,4
RVC003,3,26510,울주군,289.374263276802,4
RVC003,3,26510,울주군,255.930038209734,4
RVC003,3,26510,울주군,929.874571608544,2
RVC003,3,26510,울주군,906.987417027707,2
RVC003,3,26510,울주군,780.397343923208,2
RVC003,3,26510,울주군,846.504440206439,2
RVC003,3,26510,울주군,870.14731951826,2
RVC003,3,26510,울주군,153.061563189999,4
RVC002,2,26510,울주군,979.868510924943,2
RVC002,2,26510,울주군,860.920590251298,2
RVC002,2,26510,울주군,845.598360351094,2
RVC002,2,26510,울주군,854.893812620133,2
RVC002,2,26510,울주군,426.861059734539,3
RVC002,2,26510,울주군,413.337933557896,3
RVC002,2,26510,울주군,418.39998314414,3
RVC003,3,26510,울주군,96.3459245165562,5
RVC003,3,26510,울주군,78.1040960360578,5
RVC003,3,26510,울주군,112.990600629468,4
RVC003,3,26510,울주군,130.540851813539,4
RVC003,3,26510,울주군,112.411767000121,4
RVC003,3,26510,울주군,140.367604185581,4
RVC003,3,26510,울주군,121.34717640368,4
RVC003,3,26510,울주군,117.300195458491,4
RVC003,3,26510,울주군,123.755067183881,4
RVC003,3,26510,울주군,151.049098487925,4
RVC003,3,26510,울주군,132.352973786153,4
RVC003,3,26510,울주군,128.682603327968,4
RVC003,3,26510,울주군,124.312452012003,4
RVC003,3,26510,울주군,139.380385516359,4
RVC003,3,26510,울주군,159.845029102464,4
RVC003,3,26510,울주군,145.304018910281,4
RVC003,3,26510,울주군,157.74506546308,4
RVC003,3,26510,울주군,169.364041471055,4
RVC003,3,26510,울주군,159.784187684576,4
RVC003,3,26510,울주군,166.368271202588,4
RVC003,3,26510,울주군,166.691096768856,4
RVC003,3,26510,울주군,171.903615355041,4
RVC003,3,26510,울주군,182.787822499733,4
RVC003,3,26510,울주군,194.485174353929,4
RVC002,2,26510,울주군,745.011486087022,2
RVC002,2,26510,울주군,744.23049168905,2
RVC002,2,26510,울주군,314.749381909629,3
RVC002,2,26510,울주군,311.317475545136,3
RVC002,2,26510,울주군,759.953988345861,2
RVC002,2,26510,울주군,280.839967332268,4
RVC002,2,26510,울주군,275.417928942835,4
RVC002,2,26510,울주군,298.200062244591,4
RVC002,2,26510,울주군,261.92957338106,4
RVC002,2,26510,울주군,285.322409393215,4
RVC002,2,26510,울주군,755.309936062575,2
RVC002,2,26510,울주군,758.284541294497,2
RVC002,2,26510,울주군,732.405588058986,2
RVC002,2,26510,울주군,734.970747151538,2
RVC002,2,26510,울주군,755.93574779349,2
RVC002,2,26510,울주군,748.4075363236,2
RVC002,2,26510,울주군,788.113660248786,2
RVC002,2,26510,울주군,904.705043144134,2
RVC002,2,26510,울주군,876.542614424114,2
RVC002,2,26510,울주군,935.859974465661,2
RVC002,2,26510,울주군,897.673516107188,2
RVC002,2,26510,울주군,950.029853488489,2
RVC003,3,26510,울주군,292.735118354712,4
RVC003,3,21510,기장군,129.565861790007,4
RVC002,2,21110,금정구,336.522537000995,3
RVC002,2,26030,동구,384.75287444231,3
RVC002,2,26030,동구,312.46223727154,3
RVC003,3,26030,동구,199.036008906374,4
RVC003,3,26030,동구,192.522475023206,4
RVC003,3,26030,동구,214.471226100993,4
RVC003,3,26030,동구,241.476981438087,4
RVC003,3,26030,동구,247.754463994338,4
RVC003,3,26030,동구,234.673387009848,4
RVC003,3,26030,동구,256.53750628535,4
RVC003,3,26030,동구,318.987266246385,3
RVC003,3,26030,동구,308.882869525598,3
RVC003,3,26030,동구,284.134016207627,4
RVC002,2,26040,북구,744.138592889268,2
RVC002,2,26030,동구,374.589671698943,3
RVC002,2,26030,동구,391.992446569184,3
RVC002,2,26030,동구,326.5539193133,3
RVC002,2,26030,동구,338.490507749021,3
RVC002,2,26030,동구,369.459797374438,3
RVC002,2,26030,동구,382.084784120511,3
RVC002,2,26040,북구,759.915026510138,2
RVC002,2,26040,북구,755.961078766396,2
RVC002,2,26040,북구,748.06845285882,2
RVC002,2,26040,북구,747.070890476271,2
RVC002,2,26040,북구,757.06536503843,2
RVC002,2,26040,북구,731.340347320398,2
RVC002,2,26040,북구,721.527067330885,2
RVC002,2,26040,북구,699.440243665338,3
RVC002,2,26040,북구,703.725922324979,2
RVC002,2,26040,북구,717.018554779576,2
RVC002,2,26040,북구,711.794597284616,2
RVC002,2,26040,북구,654.151520413316,3
RVC002,2,26040,북구,725.612200739008,2
RVC003,3,37020,경주시,820.098078165381,2
RVC003,3,37020,경주시,848.229418692179,2
RVC003,3,37020,경주시,814.017677911012,2
RVC003,3,37020,경주시,783.038860474311,2
RVC003,3,37020,경주시,788.596423475395,2
RVC003,3,37020,경주시,451.416658383008,3
RVC003,3,37020,경주시,512.301514147427,3
RVC003,3,37020,경주시,200.085808619043,4
RVC003,3,37020,경주시,179.425437680181,4
RVC003,3,37011,포항시 남구,812.593576185356,2
RVC003,3,37011,포항시 남구,976.508006378043,2
RVC003,3,37011,포항시 남구,1091.31101451439,2
RVC003,3,37011,포항시 남구,1085.98952481452,2
RVC003,3,37011,포항시 남구,1245.65921287839,2
RVC003,3,37020,경주시,191.860950466293,4
RVC003,3,37020,경주시,571.637901533286,3
RVC003,3,37020,경주시,556.657019069403,3
RVC003,3,37020,경주시,530.875775949821,3
RVC003,3,37020,경주시,430.540339244234,3
RVC002,2,37020,경주시,734.424068324932,2
RVC003,3,21100,사하구,2042.43271243324,1
RVC003,3,21100,사하구,12660.9456477872,1
RVC003,3,21100,사하구,12594.7139336495,1
RVC003,3,21100,사하구,12571.442011994,1
RVC003,3,21100,사하구,12561.0359956448,1
RVC003,3,21100,사하구,12548.2819886476,1
RVC003,3,21100,사하구,12517.5527098853,1
RVC003,3,21100,사하구,12511.3425558553,1
RVC003,3,21100,사하구,12511.2064851229,1
RVC003,3,21100,사하구,7827.28876808342,1
RVC003,3,21100,사하구,7940.03586513839,1
RVC003,3,21100,사하구,7942.86900064715,1
RVC003,3,21100,사하구,7941.36004678625,1
RVC003,3,21100,사하구,7929.89151807922,1
RVC003,3,21100,사하구,7872.58406496971,1
RVC003,3,21100,사하구,7862.79650613407,1
RVC003,3,21100,사하구,7908.29838429377,1
RVC003,3,21100,사하구,7855.56367790817,1
RVC003,3,21100,사하구,7882.44359042422,1
RVC003,3,21100,사하구,7842.31841668934,1
RVC003,3,21100,사하구,7829.75024081343,1
RVC003,3,21100,사하구,7829.41419512369,1
RVC003,3,21100,사하구,7847.46433236137,1
RVC003,3,21100,사하구,7803.45573297801,1
RVC003,3,21100,사하구,7790.73028736148,1
RVC003,3,21100,사하구,7772.21735462936,1
RVC003,3,21100,사하구,7717.53244172884,1
RVC003,3,21100,사하구,7614.35742344875,1
RVC003,3,21100,사하구,7602.75011394624,1
RVC003,3,21100,사하구,7620.84702952024,1
RVC003,3,21100,사하구,7584.83969932541,1
RVC003,3,21100,사하구,7568.6653563249,1
RVC003,3,21100,사하구,2221.49207308533,1
RVC003,3,21100,사하구,2168.45896454509,1
RVC003,3,21100,사하구,2125.15709060074,1
RVC003,3,21100,사하구,2158.55665890246,1
RVC003,3,21100,사하구,1528.18402474406,1
RVC003,3,21100,사하구,1992.96193532091,1
RVC003,3,21100,사하구,1926.82487797002,1
RVC003,3,21100,사하구,1963.14037799659,1
RVC003,3,21100,사하구,1583.72722935077,1
RVC002,2,21150,사상구,2014.67607144676,1
RVC003,3,21120,강서구,387.817563792383,3
RVC002,2,38112,창원시 성산구,161.763282072076,4
RVC002,2,38113,창원시 마산합포구,756.826118939239,2
RVC003,3,38115,창원시 진해구,3512.52946268925,1
RVC003,3,38115,창원시 진해구,2215.54093744749,1
RVC003,3,38115,창원시 진해구,2147.14161160252,1
RVC003,3,38115,창원시 진해구,1828.51409559229,1
RVC003,3,38115,창원시 진해구,507.824110711474,3
RVC003,3,38115,창원시 진해구,121.983748963727,4
RVC003,3,38090,거제시,795.320822045313,2
RVC003,3,38540,고성군,260.254924426979,4
RVC003,3,38111,창원시 의창구,37.3595712529208,5
RVC003,3,38530,창녕군,149.583336259588,4
RVC002,2,22030,서구,883.435653708636,2
RVC002,2,22010,중구,2162.5327511704,1
RVC002,2,22070,달서구,1524.30231597154,1
RVC002,2,38590,거창군,17.5729294136082,5
RVC002,2,35530,무주군,104.632528876628,4
RVC002,2,35510,완주군,71.2930675943157,5
RVC002,2,24030,남구,242.156133529435,4
RVC003,3,36620,무안군,258.876412952135,4
RVC003,3,36640,영광군,196.67601087378,4
RVC003,3,36640,영광군,205.471135033937,4
RVC003,3,36640,영광군,3230.37586558516,1
RVC003,3,36640,영광군,3172.79856389279,1
RVC003,3,36640,영광군,3133.11044125216,1
RVC003,3,36640,영광군,3100.17622367809,1
RVC003,3,36640,영광군,3107.11326766603,1
RVC003,3,36640,영광군,3101.90867340093,1
RVC003,3,36680,신안군,943.034458067555,2
RVC003,3,36680,신안군,487.77361588564,3
RVC003,3,36680,신안군,595.609116207239,3
RVC003,3,36680,신안군,405.885316883368,3
RVC003,3,36680,신안군,1358.3963369647,2
RVC003,3,36680,신안군,811.775653286438,2
RVC003,3,36680,신안군,1615.10774573317,1
RVC003,3,36680,신안군,1356.52103406115,2
RVC003,3,36680,신안군,1411.75298867839,2
RVC002,2,36650,장성군,28.769603660769,5
RVC003,3,36640,영광군,6610.84312592388,1
RVC003,3,36640,영광군,6620.73001682329,1
RVC003,3,36640,영광군,6725.10449249011,1
RVC003,3,36640,영광군,6739.27354516398,1
RVC003,3,36640,영광군,7482.57593552265,1
RVC003,3,36640,영광군,7556.35626519081,1
RVC003,3,36640,영광군,7571.96001712197,1
RVC003,3,36640,영광군,7518.32666063764,1
RVC003,3,36640,영광군,7521.9738396139,1
RVC003,3,36640,영광군,7525.57114359878,1
RVC003,3,36640,영광군,7665.50402636732,1
RVC003,3,36640,영광군,7594.34514764796,1
RVC003,3,36640,영광군,7683.1369883875,1
RVC003,3,36640,영광군,6997.91445032134,1
RVC003,3,36640,영광군,7438.02698809865,1
RVC003,3,36640,영광군,7457.04765807841,1
RVC003,3,36640,영광군,7417.5822176824,1
RVC003,3,36640,영광군,7051.25652068981,1
RVC003,3,36640,영광군,7206.64719736159,1
RVC003,3,36640,영광군,7201.24007084668,1
RVC003,3,36640,영광군,6970.36257913734,1
RVC003,3,36640,영광군,6708.33695830108,1
RVC003,3,36640,영광군,74.4905325450912,5
RVC003,3,35570,고창군,1867.6758975385,1
RVC003,3,35580,부안군,1072.92928631073,2
RVC002,2,35060,김제시,1519.82225766935,1
RVC002,2,35580,부안군,1680.85768257099,1
RVC002,2,35580,부안군,1635.42939126143,1
RVC003,3,35580,부안군,349.255725642492,3
RVC003,3,35020,군산시,346.647675545254,3
RVC003,3,35020,군산시,361.084487663531,3
RVC003,3,35020,군산시,1362.40313073203,2
RVC003,3,35580,부안군,208.786225433426,4
RVC003,3,35580,부안군,184.224634344876,4
RVC003,3,35580,부안군,175.875848244057,4
RVC003,3,35580,부안군,196.76060324958,4
RVC003,3,35580,부안군,205.81052060934,4
RVC003,3,35580,부안군,214.139679522536,4
RVC003,3,35580,부안군,550.457578202743,3
RVC003,3,35580,부안군,465.599998942581,3
RVC003,3,35580,부안군,489.853473210465,3
RVC003,3,35580,부안군,458.041131037959,3
RVC003,3,35580,부안군,463.26274317467,3
RVC003,3,35580,부안군,475.024685032045,3
RVC003,3,35580,부안군,470.451261090085,3
RVC003,3,35580,부안군,484.734599483409,3
RVC003,3,35580,부안군,475.856789300772,3
RVC003,3,35580,부안군,570.47596642774,3
RVC003,3,35580,부안군,343.80512283299,3
RVC003,3,35020,군산시,5271.93170581694,1
RVC003,3,35020,군산시,526.25713261588,3
RVC003,3,35020,군산시,1037.64850101535,2
RVC003,3,35020,군산시,621.200874377052,3
RVC003,3,35020,군산시,866.067951991288,2
RVC003,3,38090,거제시,123.204447282584,4
RVC003,3,38090,거제시,117.300224699023,4
RVC003,3,38090,거제시,267.117863943832,4
RVC003,3,38090,거제시,268.361574380749,4
RVC003,3,38090,거제시,297.430003354977,4
RVC003,3,38090,거제시,243.300696638491,4
RVC003,3,38090,거제시,122.309315639041,4
RVC003,3,38090,거제시,106.58546253218,4
RVC003,3,38090,거제시,103.960207865443,4
RVC003,3,38090,거제시,81.2644750529881,5
RVC003,3,38090,거제시,86.3665863643924,5
RVC003,3,38550,남해군,994.444892460127,2
RVC003,3,38550,남해군,1028.08474242412,2
RVC003,3,38550,남해군,1085.95782887828,2
RVC003,3,38550,남해군,363.14924634237,3
RVC003,3,38090,거제시,170.903895316031,4
RVC003,3,38090,거제시,457.182224532155,3
RVC002,2,38090,거제시,365.333289621038,3
RVC002,2,38090,거제시,331.151318383275,3
RVC003,3,38090,거제시,741.171745154443,2
RVC003,3,38090,거제시,162.220775212586,4
RVC003,3,38090,거제시,213.833600378531,4
RVC003,3,38050,통영시,206.280272540428,4
RVC003,3,38050,통영시,196.905242165914,4
RVC003,3,38090,거제시,374.828909013949,3
RVC003,3,38090,거제시,140.184682115097,4
RVC003,3,38090,거제시,201.04908340751,4
RVC002,2,38090,거제시,341.497785132646,3
RVC002,2,38090,거제시,1577.95998735742,1
RVC003,3,38540,고성군,431.920953316946,3
RVC003,3,38540,고성군,200.331783531391,4
RVC003,3,38540,고성군,199.568049307236,4
RVC003,3,38540,고성군,112.225177268336,4
RVC003,3,38540,고성군,86.3499065695659,5
RVC003,3,38540,고성군,73.0324356247367,5
RVC002,2,38050,통영시,826.648898857144,2
RVC002,2,38050,통영시,741.169158266028,2
RVC002,2,38050,통영시,556.730672003048,3
RVC003,3,38050,통영시,445.424588155901,3
RVC003,3,38050,통영시,486.779959850489,3
RVC003,3,38050,통영시,423.20375778295,3
RVC002,2,38050,통영시,316.015980147767,3
RVC003,3,38050,통영시,847.33335344003,2
RVC003,3,38050,통영시,775.70058227942,2
RVC003,3,38090,거제시,877.60573645687,2
RVC003,3,38090,거제시,843.190953374348,2
RVC003,3,38050,통영시,240.031686483017,4
RVC002,2,38050,통영시,1039.32707845325,2
RVC003,3,38050,통영시,301.65126570727,3
RVC003,3,38090,거제시,646.514818518478,3
RVC003,3,38050,통영시,197.26977441281,4
RVC002,2,38060,사천시,2493.3145481967,1
RVC002,2,38060,사천시,2231.39636612602,1
RVC002,2,38060,사천시,2244.35327579405,1
RVC002,2,38060,사천시,2104.78522280664,1
RVC002,2,38060,사천시,2079.90875416258,1
RVC002,2,38060,사천시,1703.72796227207,1
RVC003,3,38050,통영시,99.1167280136787,5
RVC003,3,38060,사천시,798.728835991276,2
RVC003,3,38060,사천시,1068.54694362685,2
RVC003,3,38060,사천시,1054.76358043937,2
RVC003,3,38060,사천시,1048.36192918875,2
RVC003,3,38060,사천시,1027.0303197178,2
RVC003,3,38060,사천시,958.504078264838,2
RVC003,3,38060,사천시,937.899155680974,2
RVC003,3,38060,사천시,958.104615788934,2
RVC003,3,38060,사천시,950.210354879142,2
RVC003,3,38060,사천시,948.527810489506,2
RVC003,3,38060,사천시,1087.50337147994,2
RVC003,3,38060,사천시,745.489180711603,2
RVC003,3,38060,사천시,723.988064383049,2
RVC003,3,38060,사천시,198.898505678392,4
RVC003,3,38060,사천시,142.845813313306,4
RVC003,3,38550,남해군,293.633448835474,4
RVC003,3,38550,남해군,260.672050033403,4
RVC003,3,38550,남해군,281.593048431051,4
RVC003,3,38540,고성군,216.1661709806,4
RVC003,3,38540,고성군,830.676964615761,2
RVC003,3,36550,고흥군,598.763137952062,3
RVC003,3,36550,고흥군,603.322972315872,3
RVC003,3,36550,고흥군,612.191388298847,3
RVC003,3,36550,고흥군,754.143165447218,2
RVC003,3,36550,고흥군,839.96012497058,2
RVC003,3,36550,고흥군,1116.95124347403,2
RVC003,3,36550,고흥군,1134.12971815168,2
RVC003,3,36550,고흥군,1304.88989671664,2
RVC003,3,36550,고흥군,1305.85079569846,2
RVC003,3,36550,고흥군,1420.57245019077,2
RVC003,3,36550,고흥군,1358.5640732961,2
RVC003,3,36550,고흥군,1387.96518890497,2
RVC003,3,36550,고흥군,2034.67927857379,1
RVC003,3,38550,남해군,426.393599349056,3
RVC003,3,38550,남해군,470.226869470781,3
RVC002,2,38550,남해군,718.65557640873,2
RVC002,2,38550,남해군,843.678375743297,2
RVC003,3,38550,남해군,350.832444992309,3
RVC003,3,38550,남해군,334.448407073066,3
RVC003,3,38550,남해군,297.58336994881,4
RVC003,3,38550,남해군,282.167643883633,4
RVC003,3,38550,남해군,298.375089889691,4
RVC002,2,38550,남해군,995.637276082649,2
RVC002,2,38550,남해군,928.295804101915,2
RVC002,2,38550,남해군,963.474388123515,2
RVC003,3,36020,여수시,1630.41094825381,1
RVC003,3,36020,여수시,1447.86756169138,2
RVC003,3,36020,여수시,577.24575553733,3
RVC003,3,36020,여수시,530.042489952016,3
RVC003,3,36020,여수시,521.778513689184,3
RVC003,3,36020,여수시,367.529802843716,3
RVC003,3,36020,여수시,706.290500110831,2
RVC003,3,36020,여수시,377.46413312596,3
RVC003,3,36020,여수시,1041.24148952306,2
RVC003,3,36020,여수시,793.785389209087,2
RVC003,3,36020,여수시,1743.59184261616,1
RVC002,2,36020,여수시,1327.38993009947,2
RVC003,3,36550,고흥군,1025.8408531826,2
RVC003,3,36550,고흥군,228.90381965906,4
RVC003,3,36550,고흥군,730.859029798814,2
RVC003,3,36550,고흥군,812.609373915473,2
RVC003,3,36550,고흥군,1054.57869690426,2
RVC003,3,36550,고흥군,673.989396743683,3
RVC003,3,36550,고흥군,979.883034356691,2
RVC003,3,36550,고흥군,630.984353000656,3
RVC003,3,36550,고흥군,417.470746876391,3
RVC003,3,36550,고흥군,994.431420400302,2
RVC003,3,36550,고흥군,558.172648955249,3
RVC003,3,36550,고흥군,231.27809195313,4
RVC003,3,36550,고흥군,376.731103533815,3
RVC003,3,36550,고흥군,334.122186767587,3
RVC003,3,36550,고흥군,735.896814109363,2
RVC003,3,36550,고흥군,859.531359894959,2
RVC003,3,36550,고흥군,397.944524856613,3
RVC003,3,36550,고흥군,1024.43381086846,2
RVC003,3,36550,고흥군,3009.51700032763,1
RVC003,3,36550,고흥군,213.684622655506,4
RVC003,3,36550,고흥군,864.047041469563,2
RVC003,3,36550,고흥군,923.591377604743,2
RVC003,3,36550,고흥군,718.704855434967,2
RVC003,3,36020,여수시,1293.47026548064,2
RVC001,1,36060,광양시,583.513989821017,3
RVC003,3,38550,남해군,36.0475083487869,5
RVC003,3,38560,하동군,1098.09836888884,2
RVC003,3,38560,하동군,953.468476689581,2
RVC003,3,38560,하동군,374.144664034218,3
RVC003,3,38560,하동군,286.596213506491,4
RVC003,3,38560,하동군,325.656188018715,3
RVC003,3,38550,남해군,563.272221406209,3
RVC003,3,38550,남해군,609.676402936988,3
RVC003,3,38550,남해군,537.287852542313,3
RVC003,3,38550,남해군,671.101938024933,3
RVC003,3,38550,남해군,769.17961893289,2
RVC003,3,38550,남해군,602.058223706491,3
RVC003,3,38550,남해군,654.923526900016,3
RVC003,3,38550,남해군,549.013731298714,3
RVC003,3,38550,남해군,488.86613630345,3
RVC003,3,38550,남해군,312.250456792187,3
RVC003,3,38550,남해군,568.343535892736,3
RVC003,3,38550,남해군,213.670875959585,4
RVC003,3,38550,남해군,154.785665671882,4
RVC003,3,38550,남해군,219.876426708041,4
RVC003,3,38550,남해군,259.852720909527,4
RVC003,3,38550,남해군,265.096926263048,4
RVC003,3,38550,남해군,272.512239355858,4
RVC003,3,38550,남해군,973.539099283508,2
RVC003,3,38550,남해군,1159.35162775241,2
RVC003,3,38550,남해군,1115.49063927631,2
RVC003,3,38550,남해군,2007.99448465916,1
RVC003,3,38550,남해군,2237.84639342986,1
RVC003,3,38550,남해군,2341.50810590568,1
RVC003,3,38550,남해군,2307.71769263838,1
RVC003,3,38550,남해군,2310.0536352684,1
RVC003,3,38550,남해군,450.801944975242,3
RVC003,3,38550,남해군,750.212224169723,2
RVC003,3,38560,하동군,531.631423227987,3
RVC003,3,38060,사천시,155.020178371411,4
RVC003,3,38550,남해군,740.175922215088,2
RVC003,3,38550,남해군,720.476281629076,2
RVC003,3,38550,남해군,669.840131390643,3
RVC003,3,38550,남해군,651.205884178701,3
RVC003,3,38550,남해군,1266.53725390157,2
RVC003,3,38550,남해군,1343.91248492881,2
RVC003,3,38550,남해군,1393.6484727856,2
RVC003,3,38550,남해군,361.460308772121,3
RVC003,3,38550,남해군,813.292027686744,2
RVC003,3,36060,광양시,1971.0962848275,1
RVC003,3,36020,여수시,778.130234398886,2
RVC003,3,36020,여수시,510.538469470699,3
RVC003,3,36020,여수시,552.3122577686,3
RVC003,3,36020,여수시,1440.32707805906,2
RVC003,3,36020,여수시,975.774270198638,2
RVC003,3,36020,여수시,2019.10060064877,1
RVC003,3,36020,여수시,3104.09129153186,1
RVC003,3,36560,보성군,42.9687166659401,5
RVC003,3,36560,보성군,11.1706404588461,5
RVC003,3,36660,완도군,313.994600076914,3
RVC003,3,36660,완도군,234.550823412926,4
RVC003,3,36660,완도군,205.928864965041,4
RVC003,3,36660,완도군,167.942577014808,4
RVC003,3,36660,완도군,158.431331947152,4
RVC003,3,36660,완도군,1294.40105030219,2
RVC003,3,36660,완도군,1269.10204057316,2
RVC003,3,36660,완도군,1206.24257514277,2
RVC003,3,36660,완도군,1214.16754688578,2
RVC003,3,36660,완도군,321.435352018795,3
RVC002,2,36660,완도군,219.008733917076,4
RVC003,3,36660,완도군,1342.4226272122,2
RVC003,3,36660,완도군,1505.15397272598,1
RVC003,3,36660,완도군,496.133594503071,3
RVC003,3,36660,완도군,874.127370532297,2
RVC003,3,36660,완도군,639.57135845726,3
RVC003,3,36660,완도군,1207.56746171456,2
RVC003,3,36660,완도군,1547.31475045923,1
RVC003,3,36660,완도군,1277.34301595097,2
RVC003,3,36660,완도군,956.547386391505,2
RVC003,3,36660,완도군,1328.24442735597,2
RVC003,3,36660,완도군,1073.90735842521,2
RVC003,3,36660,완도군,944.825294298764,2
RVC003,3,36660,완도군,957.954058507862,2
RVC003,3,36660,완도군,1169.29740838268,2
RVC003,3,36660,완도군,1247.22196315536,2
RVC003,3,36590,강진군,532.528343074142,3
RVC003,3,36590,강진군,423.814575715804,3
RVC003,3,36660,완도군,1706.62422465218,1
RVC003,3,36660,완도군,1340.1309891901,2
RVC003,3,36660,완도군,1276.40089252874,2
RVC003,3,36660,완도군,691.302363717682,3
RVC003,3,36660,완도군,794.965061300487,2
RVC003,3,36660,완도군,49.1872314891188,5
RVC003,3,36660,완도군,3213.90287266632,1
RVC003,3,36660,완도군,3210.33970959811,1
RVC003,3,36660,완도군,3198.1359739193,1
RVC003,3,36660,완도군,3168.90578106093,1
RVC003,3,36660,완도군,3161.84445414102,1
RVC003,3,36660,완도군,3122.17284807078,1
RVC003,3,36660,완도군,800.569578339621,2
RVC003,3,36660,완도군,13.967943064498,5
RVC003,3,36660,완도군,589.999941430512,3
RVC002,2,36660,완도군,394.812501463276,3
RVC003,3,36600,해남군,449.856986131079,3
RVC003,3,36600,해남군,462.025532906977,3
RVC003,3,36600,해남군,461.776144513089,3
RVC002,2,36590,강진군,1969.94534708098,1
RVC003,3,36670,진도군,580.652436584937,3
RVC003,3,36590,강진군,431.613419835931,3
RVC003,3,36600,해남군,2151.67308215509,1
RVC003,3,36600,해남군,1774.98692471158,1
RVC003,3,36600,해남군,813.20354079557,2
RVC003,3,36600,해남군,419.321599242127,3
RVC003,3,36600,해남군,171.352603275501,4
RVC003,3,36670,진도군,371.529912165366,3
RVC003,3,36600,해남군,1494.19705189604,2
RVC003,3,36600,해남군,1498.23792439751,2
RVC003,3,36600,해남군,1470.15824573991,2
RVC003,3,36600,해남군,1290.57341087508,2
RVC003,3,36680,신안군,635.209489743754,3
RVC003,3,36680,신안군,116.485362968227,4
RVC002,2,36670,진도군,2115.13079584158,1
RVC002,2,36670,진도군,2570.27031049646,1
RVC003,3,36680,신안군,374.884785729558,3
RVC003,3,36680,신안군,39.9919686716898,5
RVC003,3,36680,신안군,105.791165327303,4
RVC003,3,36680,신안군,321.928557212181,3
RVC003,3,36680,신안군,489.989509531315,3
RVC003,3,36620,무안군,450.49708565596,3
RVC003,3,36620,무안군,521.489381921933,3
RVC003,3,36010,목포시,465.237490543026,3
RVC003,3,36010,목포시,241.949094223214,4
RVC003,3,36010,목포시,632.291515676079,3
RVC003,3,36680,신안군,930.957334282907,2
RVC002,2,36620,무안군,694.117994073774,3
RVC003,3,36680,신안군,312.504815945799,3
RVC003,3,36680,신안군,762.145454592618,2
RVC003,3,36010,목포시,114.667421348845,4
RVC003,3,36010,목포시,1536.73738640683,1
RVC003,3,36680,신안군,394.97083633661,3
RVC003,3,36680,신안군,734.00019476531,2
RVC003,3,36680,신안군,462.275808736414,3
RVC003,3,36680,신안군,431.483177044151,3
RVC003,3,36680,신안군,551.108380774185,3
RVC003,3,36680,신안군,1083.91605920509,2
RVC003,3,36680,신안군,1218.6457698723,2
RVC003,3,36680,신안군,793.481129598733,2
RVC003,3,36680,신안군,907.277898249246,2
RVC003,3,36680,신안군,1820.34621733777,1
RVC003,3,36680,신안군,129.639591467917,4
RVC003,3,36680,신안군,453.887061803662,3
RVC003,3,36680,신안군,491.830070301832,3
RVC003,3,36680,신안군,1098.67309182499,2
RVC003,3,36680,신안군,475.064474200613,3
RVC003,3,36680,신안군,288.930874427919,4
RVC003,3,36680,신안군,765.338369740407,2
RVC003,3,36680,신안군,1083.2263467508,2
RVC003,3,36680,신안군,325.09407906455,3
RVC003,3,36680,신안군,147.874868046709,4
RVC003,3,36680,신안군,428.895929797478,3
RVC003,3,36680,신안군,546.527750173012,3
RVC003,3,36680,신안군,493.685096577228,3
RVC003,3,36680,신안군,78.3756857122014,5
RVC003,3,36680,신안군,575.298787485737,3
RVC003,3,36680,신안군,626.684795637144,3
RVC003,3,36680,신안군,950.76651715085,2
RVC003,3,36680,신안군,1192.00143191074,2
RVC003,3,36680,신안군,1326.52360500561,2
RVC003,3,36670,진도군,197.046428052252,4
RVC003,3,36680,신안군,199.120197362332,4
RVC003,3,36680,신안군,201.794139948027,4
RVC003,3,36680,신안군,167.080532461423,4
RVC003,3,36680,신안군,135.10025431828,4
RVC003,3,36680,신안군,301.419725409845,3
RVC003,3,36680,신안군,292.40003575147,4
RVC002,2,39020,서귀포시,686.254070682483,3
RVC002,2,39020,서귀포시,711.762849041385,2
RVC002,2,39020,서귀포시,681.646850197027,3
RVC002,2,39020,서귀포시,695.833236891119,3
RVC002,2,39020,서귀포시,789.50280400284,2
RVC002,2,39020,서귀포시,652.158111001378,3
RVC002,2,39020,서귀포시,621.608965723504,3
RVC002,2,39020,서귀포시,532.631196726334,3
RVC002,2,39020,서귀포시,395.874179267677,3
RVC002,2,39020,서귀포시,402.477648007259,3
RVC002,2,39020,서귀포시,393.751037663346,3
RVC002,2,39020,서귀포시,379.973736991025,3
RVC002,2,39020,서귀포시,360.649648529686,3
RVC002,2,39020,서귀포시,384.979342872222,3
RVC002,2,39020,서귀포시,348.980747161487,3
RVC003,3,39020,서귀포시,620.538586471639,3
RVC003,3,39020,서귀포시,261.168229822354,4
RVC003,3,39020,서귀포시,275.603296758218,4
RVC002,2,39020,서귀포시,981.6965172772,2
RVC002,2,39020,서귀포시,942.873129677311,2
RVC002,2,39020,서귀포시,947.522872720952,2
RVC002,2,39020,서귀포시,692.846543221896,3
RVC002,2,39020,서귀포시,679.093036943224,3
RVC002,2,39020,서귀포시,655.39812272661,3
RVC002,2,39020,서귀포시,641.542144968939,3
RVC002,2,39020,서귀포시,621.650599057978,3
RVC002,2,39020,서귀포시,615.376112616457,3
RVC002,2,39020,서귀포시,1073.57523077286,2
RVC002,2,39020,서귀포시,1075.05709691006,2
RVC002,2,39020,서귀포시,1134.88316627805,2
RVC002,2,39020,서귀포시,919.67709922867,2
RVC002,2,39020,서귀포시,904.709773161925,2
RVC002,2,39020,서귀포시,810.705579101929,2
RVC002,2,39020,서귀포시,817.573112177845,2
RVC002,2,39020,서귀포시,1017.07668838197,2
RVC002,2,39020,서귀포시,2080.39506512784,1
RVC002,2,39020,서귀포시,2034.92476789899,1
RVC002,2,39020,서귀포시,2006.74490780271,1
RVC002,2,39020,서귀포시,2242.51014420623,1
RVC002,2,39020,서귀포시,2116.79144459103,1
RVC002,2,39020,서귀포시,2214.67944182873,1
RVC002,2,39020,서귀포시,2115.68937088796,1
RVC002,2,39020,서귀포시,2193.02162898579,1
RVC002,2,39020,서귀포시,2206.39538496228,1
RVC002,2,39020,서귀포시,2005.90520203088,1
RVC002,2,39020,서귀포시,1907.10354940135,1
RVC002,2,39020,서귀포시,1905.61145403522,1
RVC003,3,39020,서귀포시,602.110255724649,3
RVC003,3,39020,서귀포시,545.629656325502,3
RVC003,3,39020,서귀포시,448.976954726779,3
RVC003,3,39020,서귀포시,418.456350306006,3
RVC003,3,39020,서귀포시,426.403109995612,3
RVC003,3,39020,서귀포시,455.27266583424,3
RVC003,3,39020,서귀포시,413.045604746104,3
RVC003,3,39020,서귀포시,413.216811399847,3
RVC003,3,39020,서귀포시,391.636436159518,3
RVC003,3,39020,서귀포시,381.809470977087,3
RVC003,3,39020,서귀포시,390.172220539736,3
RVC003,3,39020,서귀포시,354.408177171879,3
RVC003,3,39020,서귀포시,366.014239855227,3
RVC003,3,39020,서귀포시,385.802751289418,3
RVC003,3,39020,서귀포시,362.296220264703,3
RVC003,3,39020,서귀포시,366.490546276454,3
RVC003,3,39020,서귀포시,366.875471232984,3
RVC003,3,39020,서귀포시,353.07784752187,3
RVC003,3,39020,서귀포시,332.727069489903,3
RVC003,3,39020,서귀포시,368.240873971854,3
RVC003,3,39020,서귀포시,342.93550219923,3
RVC003,3,39020,서귀포시,345.182541258398,3
RVC003,3,39020,서귀포시,350.043615879152,3
RVC002,2,39020,서귀포시,1864.89632224929,1
RVC002,2,39020,서귀포시,1429.73156751127,2
RVC002,2,39020,서귀포시,1362.27192307292,2
RVC002,2,39020,서귀포시,1219.96940740357,2
RVC002,2,39020,서귀포시,1294.40217790949,2
RVC002,2,39020,서귀포시,1299.66701256915,2
RVC002,2,39020,서귀포시,1148.638555458,2
RVC002,2,39020,서귀포시,1170.91868977392,2
RVC002,2,39020,서귀포시,1275.02560027308,2
RVC002,2,39020,서귀포시,1284.24157265959,2
RVC002,2,39020,서귀포시,1265.65557540735,2
RVC002,2,39020,서귀포시,1319.33306725671,2
RVC002,2,39020,서귀포시,1273.34152837403,2
RVC002,2,39020,서귀포시,1250.99938239397,2
RVC002,2,39020,서귀포시,1292.56878220542,2
RVC002,2,39020,서귀포시,1279.46289846103,2
RVC002,2,39020,서귀포시,1272.84421450346,2
RVC002,2,39020,서귀포시,1593.93410340298,1
RVC002,2,39020,서귀포시,1568.21630370953,1
RVC002,2,39020,서귀포시,1547.92559785109,1
RVC002,2,39020,서귀포시,1537.07071121271,1
RVC002,2,39020,서귀포시,1597.06057183308,1
RVC002,2,39020,서귀포시,1560.06363241718,1
RVC002,2,39020,서귀포시,1169.38228561542,2
RVC002,2,39020,서귀포시,1634.8947411812,1
RVC002,2,39020,서귀포시,1637.08958727635,1
RVC002,2,39020,서귀포시,1576.08952916603,1
RVC002,2,39020,서귀포시,1804.33728477741,1
RVC002,2,39020,서귀포시,1816.9445658748,1
RVC002,2,39020,서귀포시,974.765817431604,2
RVC002,2,39020,서귀포시,931.190322727053,2
RVC002,2,39020,서귀포시,933.98700641415,2
RVC002,2,39020,서귀포시,736.632646707242,2
RVC002,2,39020,서귀포시,745.361262702951,2
RVC002,2,39020,서귀포시,531.780120317176,3
RVC002,2,39020,서귀포시,518.489702955978,3
RVC002,2,39020,서귀포시,631.768478229301,3
RVC003,3,39020,서귀포시,810.583623512381,2
RVC003,3,39020,서귀포시,775.494609776501,2
RVC003,3,39020,서귀포시,745.739287847773,2
RVC003,3,39020,서귀포시,739.406584886042,2
RVC003,3,39020,서귀포시,762.741419781025,2
RVC002,2,39020,서귀포시,1636.90818667194,1
RVC002,2,39020,서귀포시,1646.84932175081,1
RVC003,3,39020,서귀포시,543.814472043405,3
RVC002,2,39020,서귀포시,2023.56508126891,1
RVC002,2,39020,서귀포시,2095.34309854791,1
RVC002,2,39020,서귀포시,2046.67647923204,1
RVC002,2,39020,서귀포시,558.841693589389,3
RVC003,3,39020,서귀포시,2328.00308283142,1
RVC003,3,39020,서귀포시,2204.71089992204,1
RVC003,3,39020,서귀포시,2150.19717297363,1
RVC003,3,39020,서귀포시,903.076893665485,2
RVC003,3,39020,서귀포시,523.744393809544,3
RVC003,3,39020,서귀포시,475.360339896001,3
RVC003,3,39020,서귀포시,451.535549837713,3
RVC003,3,39020,서귀포시,411.185655992356,3
RVC003,3,39020,서귀포시,408.551353962984,3
RVC003,3,39020,서귀포시,957.238356993905,2
RVC003,3,39020,서귀포시,795.472960095019,2
RVC003,3,39020,서귀포시,439.939438947613,3
RVC003,3,39020,서귀포시,618.318822256956,3
RVC003,3,39020,서귀포시,273.773100110025,4
RVC002,2,39020,서귀포시,467.550818926175,3
RVC002,2,39020,서귀포시,448.395459620134,3
RVC002,2,39020,서귀포시,1752.95704370229,1
RVC002,2,39020,서귀포시,1432.49309079325,2
RVC002,2,39020,서귀포시,1160.89320207106,2
RVC003,3,39010,제주시,112.349752710372,4
RVC003,3,39010,제주시,231.347697594191,4
RVC003,3,39010,제주시,243.792608258101,4
RVC003,3,39010,제주시,264.669162491323,4
RVC003,3,39010,제주시,296.805616704331,4
RVC003,3,39010,제주시,349.776891098357,3
RVC003,3,39010,제주시,652.12499931464,3
RVC003,3,39010,제주시,689.726668206934,3
RVC003,3,39020,서귀포시,1030.38814622177,2
RVC003,3,39020,서귀포시,638.553867404657,3
RVC003,3,39020,서귀포시,600.882133657575,3
RVC003,3,39020,서귀포시,456.285518069008,3
RVC003,3,39020,서귀포시,1010.29235832364,2
RVC003,3,39010,제주시,123.106207391987,4
RVC003,3,39010,제주시,535.161509488726,3
RVC003,3,39010,제주시,704.505918847006,2
RVC003,3,39010,제주시,359.06465571162,3
RVC003,3,39010,제주시,269.651214131246,4
RVC003,3,39010,제주시,302.751555764643,3
RVC003,3,39010,제주시,1373.85370519179,2
RVC003,3,39010,제주시,1362.30005434576,2
RVC003,3,39010,제주시,1271.32421728915,2
RVC003,3,39010,제주시,1639.16174798184,1
RVC003,3,39010,제주시,1653.67261194444,1
RVC003,3,39010,제주시,1616.08621555863,1
RVC003,3,39010,제주시,1375.21790161277,2
RVC003,3,39010,제주시,1483.43364204024,2
RVC003,3,39010,제주시,1485.59677710891,2
RVC003,3,39010,제주시,1651.8464056112,1
RVC003,3,39010,제주시,1436.58465141985,2
RVC003,3,39010,제주시,602.861711440646,3
RVC003,3,39010,제주시,657.11948507636,3
RVC003,3,39010,제주시,493.169585985612,3
RVC003,3,39010,제주시,397.419521825206,3
RVC003,3,39010,제주시,649.6097085979,3
RVC003,3,39010,제주시,544.658481281536,3
RVC003,3,39010,제주시,562.199472374797,3
RVC003,3,39010,제주시,2099.10917616087,1
RVC003,3,39010,제주시,1012.68863485863,2
RVC003,3,39010,제주시,1646.51558684256,1
RVC003,3,39010,제주시,586.012210637805,3
RVC003,3,39020,서귀포시,2066.04035310531,1
RVC003,3,39020,서귀포시,877.146221270586,2
RVC003,3,39020,서귀포시,641.409864288033,3
RVC003,3,39020,서귀포시,581.447451022209,3
RVC003,3,39020,서귀포시,609.496630908893,3
RVC003,3,39020,서귀포시,533.104001197549,3
RVC003,3,39010,제주시,1365.46451195515,2
RVC003,3,39010,제주시,1788.54583392264,1
RVC003,3,39010,제주시,1864.0034312407,1
RVC003,3,39010,제주시,1001.31462292337,2
RVC003,3,39010,제주시,1442.65582891776,2
RVC003,3,39010,제주시,1139.724756792,2
RVC003,3,39010,제주시,1491.92708292003,2
RVC003,3,39010,제주시,1628.22226027649,1
RVC003,3,39010,제주시,1674.70565288172,1
RVC003,3,39010,제주시,1444.57814721117,2
RVC003,3,39010,제주시,244.02981389826,4
RVC003,3,39010,제주시,1138.59810015651,2
RVC003,3,39010,제주시,573.615229885771,3
RVC003,3,39010,제주시,695.013132588735,3
RVC003,3,39010,제주시,762.43365250549,2
RVC002,2,39010,제주시,1384.48258946632,2
RVC002,2,39010,제주시,1418.75439793279,2
RVC002,2,39010,제주시,1389.75910637028,2
RVC002,2,39010,제주시,1696.73239493966,1
RVC003,3,39010,제주시,531.061705833736,3
RVC003,3,39010,제주시,503.450265050108,3
RVC003,3,39010,제주시,568.590726829022,3
RVC003,3,39010,제주시,407.182092116173,3
RVC003,3,39010,제주시,489.269327659531,3
RVC003,3,39010,제주시,574.243527151541,3
RVC003,3,39010,제주시,573.512898694134,3
RVC002,2,39010,제주시,2400.15973101637,1
RVC003,3,39010,제주시,451.183053912502,3
RVC003,3,39010,제주시,415.008871132214,3
RVC003,3,39010,제주시,341.726850513468,3
RVC002,2,39010,제주시,957.12064458251,2
RVC002,2,39010,제주시,958.754652344469,2
RVC002,2,39010,제주시,968.136145649293,2
RVC002,2,39010,제주시,987.080678158473,2
RVC002,2,39010,제주시,305.260785185495,3
RVC002,2,39010,제주시,322.796167925081,3
RVC003,3,39010,제주시,711.983731057272,2
RVC003,3,39010,제주시,745.555674870526,2
RVC003,3,39010,제주시,262.163383096295,4
RVC003,3,39010,제주시,301.038517683507,3
RVC003,3,39010,제주시,334.131968921179,3
RVC002,2,39010,제주시,1006.21466989289,2
RVC002,2,39010,제주시,229.527555866172,4
RVC002,2,39010,제주시,345.132782165049,3
RVC002,2,39010,제주시,452.01458075277,3
RVC002,2,39010,제주시,525.988453507747,3
RVC003,3,39010,제주시,467.574581815016,3
