STDG_SGG_CD,flood_count,total_flood_area,avg_flood_area,max_flood_area,std_flood_area,avg_flood_depth,max_flood_depth,total_duration_days,avg_duration_days,max_duration_days,first_flood_year,last_flood_year,flood_years_count,annual_flood_frequency,flood_concentration
11110,20,3743.16,187.158,635.51,126.6363318034425,0.1,0.1,175.0,8.75,9.0,2022.0,2022.0,1,20.0,20.0
11140,10,1028.6,102.85999999999999,231.0,61.87529034724245,0.2,0.2,1.0,0.1,1.0,2022.0,2022.0,1,10.0,10.0
11170,29,7443.17139,256.6610824137931,2810.89682,507.4143726107223,0.1,0.1,29.0,1.0,1.0,2022.0,2022.0,1,29.0,29.0
11200,4,545.0,136.25,200.0,55.883062430996624,0.1,0.1,2.0,0.5,1.0,2022.0,2022.0,1,4.0,4.0
11230,19,1916.0,100.84210526315789,213.0,44.96697943787287,0.1,0.1,19.0,1.0,1.0,2022.0,2022.0,1,19.0,19.0
11260,30,2119.28,70.64266666666667,500.0,93.54394416099528,0.02866666666666667,0.2,2.0,0.06666666666666667,1.0,2022.0,2022.0,1,30.0,30.0
11290,54,3876.57,71.78833333333334,330.0,48.56129931858736,0.10092592592592593,0.15,103.0,1.9074074074074074,2.0,2022.0,2022.0,1,54.0,54.0
11305,176,400726.77,2276.856647727273,113019.72,13048.657674300122,0.04355113636363636,0.35,15.0,0.08522727272727272,1.0,2022.0,2022.0,1,176.0,176.0
11320,118,25080.62,212.54762711864407,748.73,119.1005732702226,0.3,0.3,101.0,0.8559322033898306,1.0,2022.0,2022.0,1,118.0,118.0
11350,86,7582.13,88.1643023255814,501.6,80.46916408371006,0.5738372093023256,2.2,597.0,6.941860465116279,9.0,2018.0,2022.0,2,17.2,43.0
11380,79,42026.53,531.9813924050633,8501.38,1520.0039324407078,0.3,0.3,79.0,1.0,1.0,2022.0,2022.0,1,79.0,79.0
11410,20,3939.7989199999997,196.98994599999997,664.71985,141.92546819914494,0.1,0.1,0.0,0.0,0.0,2022.0,2022.0,1,20.0,20.0
11440,10,2142.6914,214.26914000000002,341.76042,87.84216314709911,0.185,0.2,10.0,1.0,1.0,2022.0,2022.0,1,10.0,10.0
11470,14,3827.57,273.39785714285716,1341.66,358.00998480228435,0.5,0.5,13.0,0.9285714285714286,1.0,2022.0,2022.0,1,14.0,14.0
11500,50,27115.6,542.312,3048.18,665.6306537381811,1.0,1.0,100.0,2.0,2.0,2022.0,2022.0,1,50.0,50.0
11530,499,151947.37,304.50374749498997,4771.5,384.30039751306424,0.4380761523046092,1.0,408.0,0.8176352705410822,1.0,2022.0,2022.0,1,499.0,499.0
11545,478,457649.9,957.4265690376569,27716.9,2963.4553828933426,0.3,0.3,956.0,2.0,2.0,2022.0,2022.0,1,478.0,478.0
11560,3463,999324.28,288.57183944556743,43906.35,1330.0955404197598,0.34060063528732315,0.5,6926.0,2.0,2.0,2022.0,2022.0,1,3463.0,3463.0
11590,1210,935246.75,772.9311983471074,29160.34,2065.0268283069013,0.6859487603305785,1.0,2420.0,2.0,2.0,2022.0,2022.0,1,1210.0,1210.0
11620,1002,825482.5599999999,823.8348902195609,58547.7,3162.2641668610527,0.3374251497005988,0.6,2004.0,2.0,2.0,2022.0,2022.0,1,1002.0,1002.0
11650,611,1156393.41,1892.6242389525366,60419.21,5099.135189234225,0.6152209492635025,1.8,1222.0,2.0,2.0,2022.0,2022.0,1,611.0,611.0
11680,190,267253.85,1406.5992105263156,46057.5,4835.9502351409365,0.30473684210526314,0.6,362.0,1.9052631578947368,2.0,2022.0,2022.0,1,190.0,190.0
11710,354,60988.0,172.28248587570621,1605.0,128.76319208426474,0.09999999999999999,0.1,3186.0,9.0,9.0,2022.0,2022.0,1,354.0,354.0
11740,122,145525.63040999998,1192.833036147541,34154.33532,4881.223767485094,0.5,0.5,5.0,0.040983606557377046,1.0,2022.0,2022.0,1,122.0,122.0
26110,3,35602.6,11867.533333333333,17175.5,9193.667951548681,0.4263333333333333,0.748,0.0,0.0,0.0,2020.0,2020.0,1,3.0,3.0
26140,12,834603.4820000001,69550.29016666667,172953.303,78959.55180630452,0.8125833333333333,1.5,0.0,0.0,0.0,2016.0,2022.0,3,1.7142857142857142,4.0
26170,13,336049.2,25849.938461538462,70777.7,20678.803212006667,0.9041538461538461,2.453,4.0,0.3076923076923077,1.0,2020.0,2020.0,1,13.0,13.0
26200,2,22459.199999999997,11229.599999999999,12049.3,1159.2308570772263,0.2435,0.275,0.0,0.0,0.0,2020.0,2020.0,1,2.0,2.0
26230,9,93323.1,10369.233333333334,40000.8,12603.489114923694,0.5675555555555555,1.452,6.0,0.6666666666666666,1.0,2020.0,2021.0,2,4.5,4.5
26260,2,26478.8,13239.4,22886.7,13643.34250028196,0.4,0.5,2.0,1.0,1.0,2020.0,2020.0,1,2.0,2.0
26290,17,417416.5,24553.91176470588,47832.2,16185.561064567793,0.42423529411764704,0.753,4.0,0.23529411764705882,1.0,2020.0,2020.0,1,17.0,17.0
26350,21,753157.056,35864.62171428571,130236.8,42790.447753301094,0.4344761904761905,1.2,7.0,0.3333333333333333,1.0,2016.0,2022.0,4,3.0,5.25
26380,14,111463.563,7961.683071428571,26800.694,9673.799606809904,0.3266428571428572,0.506,2.0,0.14285714285714285,1.0,2016.0,2021.0,2,2.3333333333333335,7.0
26410,5,24445.1,4889.0199999999995,8045.2,2124.8235249074214,0.24,0.3,5.0,1.0,1.0,2020.0,2020.0,1,5.0,5.0
26440,17,2647563.0,155739.0,378718.1,177203.07382022892,0.5848235294117647,0.999,18.0,1.0588235294117647,2.0,2019.0,2021.0,3,5.666666666666667,5.666666666666667
26470,57,411663.874,7222.173228070175,65819.583,13424.90472833712,0.5622105263157895,1.3,27.0,0.47368421052631576,1.0,2017.0,2021.0,3,11.4,19.0
26500,16,249340.513,15583.7820625,79408.782,18131.676429630894,0.53725,1.533,6.0,0.375,1.0,2016.0,2021.0,4,2.6666666666666665,4.0
26710,10,939223.0,93922.3,178673.6,67188.37634447396,0.7957,1.797,10.0,1.0,1.0,2020.0,2020.0,1,10.0,10.0
28110,12,31403.51,2616.9591666666665,11830.31,3918.434489824309,0.34541666666666665,0.77,0.0,0.0,0.0,2021.0,2022.0,2,6.0,6.0
28177,3,37852.0,12617.333333333334,22398.8,8472.315974592386,0.3486666666666667,0.667,0.0,0.0,0.0,2018.0,2022.0,2,0.6,1.5
28200,2,2647.3,1323.65,1878.0,783.9692883015252,0.423,0.588,2.0,1.0,1.0,2022.0,2022.0,1,2.0,2.0
28237,1,9645.4,9645.4,9645.4,,9490.154,9490.154,0.0,0.0,0.0,2022.0,2022.0,1,1.0,1.0
28245,1,45.6,45.6,45.6,,0.3,0.3,0.0,0.0,0.0,2021.0,2021.0,1,1.0,1.0
28260,2,8749.7,4374.85,8611.6,5991.669310384211,2.9,5.49,1.0,0.5,1.0,2021.0,2022.0,2,1.0,1.0
29110,33,423012.2,12818.551515151516,33456.0,10915.61774752468,0.5715757575757575,1.22,63.0,1.9090909090909092,2.0,2020.0,2021.0,2,16.5,16.5
29140,73,11666764.47,159818.69136986302,509214.0,205311.00412601835,0.9606575342465753,3.173,88.0,1.2054794520547945,2.0,2018.0,2021.0,3,18.25,24.333333333333332
29155,45,316577.42,7035.053777777777,21712.0,6418.434359533224,0.5277333333333334,1.486,52.0,1.1555555555555554,2.0,2018.0,2021.0,3,11.25,15.0
29200,242,41299139.6,170657.60165289257,592009.0,153767.19122892254,1.3167520661157024,3.916,467.0,1.9297520661157024,2.0,2020.0,2020.0,1,242.0,242.0
30110,9,22864.0,2540.4444444444443,3324.3,684.7322106325785,0.5534444444444444,0.848,0.0,0.0,0.0,2020.0,2020.0,1,9.0,9.0
30140,1,10649.3,10649.3,10649.3,,0.556,0.556,0.0,0.0,0.0,2020.0,2020.0,1,1.0,1.0
30170,43,824987.738,19185.761348837208,71607.5,15632.20697061975,0.5752790697674419,1.522,0.0,0.0,0.0,2018.0,2020.0,2,14.333333333333334,21.5
30200,22,913732.893,41533.31331818182,283482.852,67251.15795747831,0.5650454545454545,0.945,4.0,0.18181818181818182,1.0,2016.0,2020.0,3,4.4,7.333333333333333
30230,15,169736.66100000002,11315.7774,48891.588,16797.54224878733,0.7019333333333333,1.35,0.0,0.0,0.0,2018.0,2020.0,3,5.0,5.0
31110,42,1738892.6609999998,41402.20621428571,134366.104,44988.10337470365,0.9431190476190477,2.922,0.0,0.0,0.0,2016.0,2016.0,1,42.0,42.0
31140,50,4808576.369,96171.52738,300989.786,91830.83440769432,0.5354,1.7,0.0,0.0,0.0,2016.0,2021.0,2,8.333333333333334,25.0
31200,58,19480966.149,335878.72670689656,663886.34,233932.92369560906,0.8769137931034483,2.5,7.0,0.1206896551724138,1.0,2016.0,2019.0,3,14.5,19.333333333333332
31710,195,20932230.876000002,107344.77372307693,263247.048,68436.7377884781,1.3572871794871795,4.0,4.0,0.020512820512820513,1.0,2016.0,2020.0,3,39.0,65.0
36110,17,83788.491,4928.734764705882,22621.1,7331.153203476317,0.40894117647058825,0.93,4.0,0.23529411764705882,1.0,2017.0,2022.0,5,2.8333333333333335,3.4
41111,7,998.5,142.64285714285714,207.5,47.04252888408024,0.2924285714285714,0.393,0.0,0.0,0.0,2020.0,2022.0,2,2.3333333333333335,3.5
41131,4,14634.1,3658.525,5826.8,1543.7718103722455,0.5345,0.918,4.0,1.0,1.0,2020.0,2022.0,2,1.3333333333333333,2.0
41150,38,3085.4,81.19473684210527,130.4,15.57553430376612,0.16921052631578948,0.4,730.0,19.210526315789473,365.0,2020.0,2020.0,1,38.0,38.0
41171,6,14753.5,2458.9166666666665,3239.3,713.3145545035982,0.22416666666666665,0.33,6.0,1.0,1.0,2022.0,2022.0,1,6.0,6.0
41173,2,4594.1,2297.05,2465.7,238.50711729422244,0.1285,0.129,2.0,1.0,1.0,2022.0,2022.0,1,2.0,2.0
41210,282,67443.9,239.1627659574468,1923.0,286.0784915749318,0.3000709219858156,0.4,514.0,1.822695035460993,2.0,2020.0,2022.0,3,94.0,94.0
41220,2,149160.907,74580.4535,75543.8,1362.3776855646522,0.7,0.7,0.0,0.0,0.0,2017.0,2017.0,1,2.0,2.0
41390,247,155599.815,629.9587651821862,34928.0,3898.837507559221,0.35024696356275303,1.59,191.0,0.7732793522267206,1.0,2017.0,2022.0,3,41.166666666666664,82.33333333333333
41430,11,73985.9,6725.990909090909,15126.8,5315.637674344357,0.121,0.33,20.0,1.8181818181818181,3.0,2022.0,2022.0,1,11.0,11.0
41450,16,54316.4,3394.775,27938.9,6752.324986995221,0.272125,0.544,128.0,8.0,8.0,2020.0,2020.0,1,16.0,16.0
41461,204,6925519.8,33948.626470588235,273679.2,54343.30370101884,0.8522254901960785,3.428,1106.0,5.421568627450981,14.0,2020.0,2022.0,2,68.0,102.0
41465,33,21779.6,659.9878787878788,3728.0,633.3328754284629,0.9103636363636364,1.685,297.0,9.0,9.0,2022.0,2022.0,1,33.0,33.0
41480,517,134612933.1,260373.17814313344,1390834.4,462177.0440656248,2.451597678916828,8.737,2654.0,5.133462282398453,14.0,2020.0,2020.0,1,517.0,517.0
41500,89,3417144.9,38394.886516853934,622473.2,115758.57812202809,0.691561797752809,2.406,21.0,0.23595505617977527,6.0,2020.0,2022.0,2,29.666666666666668,44.5
41550,39,5034256.7,129083.50512820513,304735.9,141907.3001265113,0.4667435897435897,1.144,34.0,0.8717948717948718,2.0,2020.0,2020.0,1,39.0,39.0
41570,7,154314.0,22044.85714285714,30900.3,11044.677726527701,0.4225714285714286,0.743,16.0,2.2857142857142856,4.0,2018.0,2018.0,1,7.0,7.0
41590,8,7709.2,963.65,3138.4,1050.4270614509946,0.319375,0.5,3.0,0.375,1.0,2020.0,2022.0,2,2.6666666666666665,4.0
41610,13,2800.9,215.45384615384617,550.4,144.32287653836343,0.3532307692307692,0.75,0.0,0.0,0.0,2020.0,2020.0,1,13.0,13.0
41630,92,1294068.8,14065.965217391305,99383.6,20997.116931321027,0.5098586956521739,1.65,34.0,0.3695652173913043,1.0,2018.0,2022.0,3,18.4,30.666666666666668
41650,141,567334.668,4023.650127659574,59376.844,8354.510963522338,0.5,0.5,1269.0,9.0,9.0,2022.0,2022.0,1,141.0,141.0
41670,54,847264.7000000001,15690.087037037038,92662.1,24886.637812758356,0.8657592592592592,2.562,39.0,0.7222222222222222,1.0,2020.0,2022.0,2,18.0,27.0
41800,29,1526061.44,52622.808275862066,111183.5,36251.81429338903,1.110837931034483,5.89,12.0,0.41379310344827586,1.0,2018.0,2020.0,2,9.666666666666666,14.5
41820,3,1742.7,580.9,1096.4,477.7260616713306,0.8823333333333334,0.942,0.0,0.0,0.0,2020.0,2020.0,1,3.0,3.0
41830,65,33143.7,509.90307692307687,4039.2,659.0732420815494,0.6685846153846153,1.558,72.0,1.1076923076923078,8.0,2020.0,2022.0,2,21.666666666666668,32.5
42110,49,1283001.7,26183.708163265306,117931.3,36461.79383044233,1.9564081632653063,7.841,140.0,2.857142857142857,14.0,2020.0,2022.0,2,16.333333333333332,24.5
42130,43,1275873.5,29671.476744186046,223922.8,56870.08706833428,1.3932558139534883,4.193,372.0,8.651162790697674,9.0,2020.0,2022.0,2,14.333333333333334,21.5
42150,64,4539918.899999999,70936.23281249999,199966.8,75479.81430726405,1.0805625,2.621,13.0,0.203125,1.0,2019.0,2022.0,2,16.0,32.0
42170,7,424446.2,60635.17142857143,77282.0,28429.87213013302,0.5837142857142857,1.014,7.0,1.0,1.0,2019.0,2019.0,1,7.0,7.0
42210,17,130727.721,7689.865941176471,22130.318,7421.79823572488,0.37058823529411766,0.7,17.0,1.0,1.0,2018.0,2018.0,1,17.0,17.0
42230,255,4471669.1,17535.957254901958,131030.6,22291.063655030335,1.0048823529411766,2.729,584.0,2.2901960784313724,62.0,2019.0,2020.0,2,127.5,127.5
42720,63,192963.276,3062.9091428571433,25737.447,3909.0693697643815,1.0312222222222223,5.01,184.0,2.9206349206349205,14.0,2018.0,2020.0,2,21.0,31.5
42780,28,39357612.199999996,1405629.007142857,1699530.4,641915.2505377625,1.5366785714285716,4.488,140.0,5.0,5.0,2020.0,2020.0,1,28.0,28.0
42790,4,124974.6,31243.65,55483.5,27989.767845232298,0.844,1.273,4.0,1.0,1.0,2020.0,2020.0,1,4.0,4.0
42810,104,1890180.138,18174.809019230768,185428.078,26099.26427773697,0.4876923076923077,0.75,56.0,0.5384615384615384,1.0,2020.0,2020.0,1,104.0,104.0
42830,6,197825.1,32970.85,78864.4,28197.075930014445,0.7444999999999999,1.432,6.0,1.0,1.0,2020.0,2020.0,1,6.0,6.0
43111,1429,20809602.123,14562.35278026592,111055.419,21098.328611428216,1.1663163051084675,4.298,4101.0,2.8698390482855145,154.0,2017.0,2018.0,2,714.5,714.5
43112,225,1491416.094,6628.515973333334,38921.764,6535.089792743289,2.8131244444444445,47.536,50.0,0.2222222222222222,7.0,2016.0,2022.0,4,32.142857142857146,56.25
43113,802,10212308.493,12733.551736907732,67617.995,11968.134833929278,0.9245199501246884,42.4,752.0,0.9376558603491272,8.0,2016.0,2022.0,4,114.57142857142857,200.5
43114,747,7651685.247,10243.219875502009,183280.4,20633.692090297503,0.8364939759036144,2.2,660.0,0.8835341365461847,8.0,2016.0,2018.0,3,249.0,249.0
43130,40,3070658.308,76766.4577,482500.2,121943.84200897625,1.1512,3.052,6.0,0.15,1.0,2018.0,2022.0,3,8.0,13.333333333333334
43150,620,4592940.936,7407.969251612903,59911.6,5750.702135836218,1.075916129032258,3.834,619.0,0.9983870967741936,1.0,2019.0,2020.0,2,310.0,310.0
43720,16,696521.666,43532.604125,74341.421,22006.357833306945,0.80625,1.6,781.0,48.8125,154.0,2017.0,2017.0,1,16.0,16.0
43730,7,961012.6,137287.51428571428,296998.1,135364.20123693987,1.0707142857142857,1.699,98.0,14.0,14.0,2020.0,2020.0,1,7.0,7.0
43740,152,2245705.6,14774.378947368421,199369.2,27095.998548153577,1.8350065789473684,4.922,235.0,1.5460526315789473,8.0,2020.0,2020.0,1,152.0,152.0
43745,34,1566467.079,46072.56114705882,152797.228,48307.62705293872,0.9547941176470589,1.847,4.0,0.11764705882352941,1.0,2017.0,2020.0,3,8.5,11.333333333333334
43750,56,2061766.161,36817.252875,128164.4,34292.02840238433,1.062375,4.098,91.0,1.625,2.0,2017.0,2020.0,2,14.0,28.0
43760,240,21944090.331,91433.7097125,342103.553,107239.61778548571,1.3842791666666665,4.286,0.0,0.0,0.0,2017.0,2020.0,3,60.0,80.0
43770,25,127504.8,5100.192,13317.7,3138.15842558976,0.37132,0.508,25.0,1.0,1.0,2020.0,2020.0,1,25.0,25.0
43800,102,1296662.1,12712.373529411765,82627.2,13785.280395313372,0.9402450980392157,2.862,147.0,1.4411764705882353,93.0,2020.0,2021.0,2,51.0,51.0
44131,119,12154077.439,102135.10452941176,355814.0,110998.0216569497,0.7695210084033612,2.505,0.0,0.0,0.0,2017.0,2020.0,2,29.75,59.5
44133,33,1273380.733,38587.29493939394,110517.4,37007.3662066441,0.8011212121212121,1.954,0.0,0.0,0.0,2017.0,2020.0,2,8.25,16.5
44200,21,618567.333,29455.587285714286,100313.6,32240.293185556126,0.7972380952380953,1.5,0.0,0.0,0.0,2018.0,2020.0,2,7.0,10.5
44230,26,877535.0,33751.346153846156,155646.9,37472.095529694954,0.5267692307692308,0.84,365.0,14.038461538461538,365.0,2019.0,2021.0,3,8.666666666666666,8.666666666666666
44270,39,80601.21493,2066.697818717949,6522.9,1396.5273902697177,0.47525641025641024,0.58,17.0,0.4358974358974359,1.0,2020.0,2022.0,3,13.0,13.0
44790,1546,5832536.6,3772.662742561449,323060.8,11049.442816283232,0.8804780077619664,3.547,1.0,0.000646830530401035,1.0,2022.0,2022.0,1,1546.0,1546.0
44810,50,1090690.0999999999,21813.801999999996,43205.7,12757.008574953003,0.95012,3.937,0.0,0.0,0.0,2020.0,2020.0,1,50.0,50.0
45190,7,9390639.0,1341519.857142857,2130538.2,985551.4697446263,1.8027142857142857,3.654,7.0,1.0,1.0,2020.0,2020.0,1,7.0,7.0
45710,16,195983.9,12248.99375,29531.9,8942.361993229659,0.63775,1.182,0.0,0.0,0.0,2020.0,2021.0,2,8.0,8.0
45720,19,850196.9,44747.2052631579,193278.6,58768.7142368518,0.366,0.492,37.0,1.9473684210526316,3.0,2020.0,2021.0,2,9.5,9.5
45730,817,11147867.72707,13644.880938886168,324375.0,28874.41544865039,0.6364749082007344,1.5,1081.0,1.3231334149326806,3.0,2020.0,2021.0,2,408.5,408.5
45800,4,34245.0,8561.25,12083.0,3060.5605559548508,0.5,0.5,0.0,0.0,0.0,2021.0,2021.0,1,4.0,4.0
46150,39,711135.6,18234.246153846154,98349.3,26041.21587551515,2.825846153846154,5.691,39.0,1.0,1.0,2020.0,2020.0,1,39.0,39.0
46170,387,347697918.3,898444.2333333334,2454810.2,1076935.6868887867,1.0556899224806202,4.681,1161.0,3.0,3.0,2020.0,2021.0,2,193.5,193.5
46230,30,11583837.0,386127.9,386127.9,0.0,1.3130666666666668,3.116,30.0,1.0,1.0,2020.0,2020.0,1,30.0,30.0
46710,206,50993725.1,247542.35485436892,1085022.6,290463.1711677538,1.3961990291262136,4.647,255.0,1.2378640776699028,2.0,2020.0,2020.0,1,206.0,206.0
46720,216,208652655.7,965984.5171296296,1813859.4,763529.188585296,1.6059444444444446,5.117,216.0,1.0,1.0,2020.0,2020.0,1,216.0,216.0
46730,325,196096567.76700002,603374.0546676924,1341232.6,395600.8841123674,1.7548553846153845,5.786,318.0,0.9784615384615385,1.0,2018.0,2020.0,2,108.33333333333333,162.5
46780,19,905366.786,47650.88347368421,106777.2,35070.97635830676,0.6271578947368421,1.3,7.0,0.3684210526315789,1.0,2018.0,2019.0,2,9.5,9.5
46790,18,1441308.1,80072.67222222223,151228.1,61390.10789466488,1.1485555555555556,2.37,28.0,1.5555555555555556,2.0,2020.0,2020.0,1,18.0,18.0
46800,235,8063733.6,34313.76,237221.0,29766.461922983228,1.671212765957447,3.032,470.0,2.0,2.0,2021.0,2021.0,1,235.0,235.0
46810,13,57720.9,4440.069230769231,15825.3,4423.3527011729875,1.5845384615384615,3.448,32.0,2.4615384615384617,3.0,2021.0,2021.0,1,13.0,13.0
46820,117,4302683.543,36775.073017094015,751197.211,70495.14997194154,0.8438205128205128,1.509,0.0,0.0,0.0,2019.0,2019.0,1,117.0,117.0
46830,2,17511.04585,8755.522925,11797.39078,4301.850775487755,0.5,0.5,0.0,0.0,0.0,2020.0,2020.0,1,2.0,2.0
46870,22,9330849.0,424129.5,2658469.0,558705.4485941031,0.5454545454545454,1.0,44.0,2.0,2.0,2020.0,2020.0,1,22.0,22.0
46880,65,922220.7,14188.010769230768,62644.7,16275.340410141225,1.122,2.69,61.0,0.9384615384615385,1.0,2020.0,2020.0,1,65.0,65.0
47111,3,74312.4,24770.8,24770.8,0.0,0.664,1.188,6.0,2.0,2.0,2019.0,2019.0,1,3.0,3.0
47113,67,28475831.9,425012.4164179104,604795.7,225636.77661111407,0.9382089552238806,1.773,117.0,1.7462686567164178,2.0,2019.0,2021.0,2,22.333333333333332,33.5
47130,49,1250650.331,25523.476142857144,156657.059,41768.38777558213,1.1361836734693878,2.776,0.0,0.0,0.0,2018.0,2018.0,1,49.0,49.0
47170,4,4626.8,1156.7,1730.4,563.449134054412,1.1877499999999999,1.878,0.0,0.0,0.0,2021.0,2021.0,1,4.0,4.0
47190,2,10467.101,5233.5505,5808.89,813.6529238689553,0.5875,0.797,0.0,0.0,0.0,2018.0,2018.0,1,2.0,2.0
47750,13,44942.6,3457.123076923077,9114.0,3155.5317130276285,0.6153846153846154,1.0,0.0,0.0,0.0,2021.0,2021.0,1,13.0,13.0
47760,69,771943.9,11187.592753623188,93061.5,21600.76727958659,0.8762898550724637,2.5,69.0,1.0,1.0,2019.0,2019.0,1,69.0,69.0
47770,58,5475765.7,94409.75344827586,240248.0,64149.09545491061,1.3820172413793104,3.31,33.0,0.5689655172413793,1.0,2018.0,2020.0,3,19.333333333333332,19.333333333333332
47830,45,308097.1,6846.602222222222,157136.3,23424.415674137264,0.4726444444444444,2.592,45.0,1.0,1.0,2020.0,2021.0,2,22.5,22.5
47840,44,9018641.1,204969.1159090909,288130.7,91720.1664505684,0.5936590909090909,1.316,44.0,1.0,1.0,2019.0,2019.0,1,44.0,44.0
47900,10,103963.0,10396.3,30638.0,10412.516485781267,0.5,0.5,0.0,0.0,0.0,2021.0,2021.0,1,10.0,10.0
47930,35,2892150.3,82632.86571428571,169213.8,50348.44661409444,0.6781428571428572,2.969,35.0,1.0,1.0,2019.0,2019.0,1,35.0,35.0
48121,11,3580843.51,325531.22818181815,488336.381,189092.88523881053,0.6952727272727273,1.806,0.0,0.0,0.0,2016.0,2016.0,1,11.0,11.0
48123,3,812125.104,270708.368,270708.368,0.0,0.7000000000000001,1.0,0.0,0.0,0.0,2016.0,2016.0,1,3.0,3.0
48125,4,962618.6,240654.65,308411.0,135512.7,0.5640000000000001,0.788,4.0,1.0,1.0,2019.0,2019.0,1,4.0,4.0
48127,3,3075.1000000000004,1025.0333333333335,1332.2,331.58365962956225,0.6356666666666667,1.321,3.0,1.0,1.0,2019.0,2019.0,1,3.0,3.0
48129,7,911559.9369999999,130222.84814285712,177818.677,81285.35249403032,0.5810000000000001,1.081,0.0,0.0,0.0,2016.0,2016.0,1,7.0,7.0
48170,300,15468946.403140001,51563.15467713334,730109.22423,87659.766710436,0.9983333333333333,10.5,162.0,0.54,1.0,2018.0,2020.0,3,100.0,100.0
48220,56,507644.684,9065.083642857144,44985.659,10587.584828820942,1.0201964285714287,3.621,14.0,0.25,2.0,2016.0,2021.0,4,9.333333333333334,14.0
48240,7,53815.87816,7687.982594285714,36790.82608,13168.584328838428,0.4042857142857143,0.78,7.0,1.0,1.0,2021.0,2021.0,1,7.0,7.0
48250,111,4916974.152,44297.06443243243,361672.185,62522.4527995342,0.9403063063063063,5.291,0.0,0.0,0.0,2017.0,2017.0,1,111.0,111.0
48270,497,59687559.58804,120095.69333609658,3229418.62573,321632.6323677617,0.8216720321931589,3.118,963.0,1.937625754527163,4.0,2016.0,2022.0,5,71.0,99.4
48310,11,27023.800000000003,2456.709090909091,8753.7,2883.0954345822634,0.7665454545454545,1.18,11.0,1.0,1.0,2021.0,2021.0,1,11.0,11.0
48330,26,477426.82073,18362.570028076923,160010.82971,31320.07143899952,0.931923076923077,1.982,9.0,0.34615384615384615,1.0,2016.0,2020.0,2,5.2,13.0
48740,459,3893689.71,8482.984117647058,120947.85,15646.701602502795,1.1633986928104576,3.0,483.0,1.0522875816993464,3.0,2020.0,2020.0,1,459.0,459.0
48850,49,7387540.4,150766.13061224492,646397.4,209230.89840671959,2.096877551020408,7.852,49.0,1.0,1.0,2020.0,2020.0,1,49.0,49.0
48890,1186,667416463.5,562745.7533726813,1286778.1,386449.51974765817,1.615514333895447,4.0,3807.0,3.209949409780776,5.0,2020.0,2020.0,1,1186.0,1186.0
50110,441,2034070.795,4612.405430839002,54111.269,6292.860118342849,0.6693356009070295,2.986,125.0,0.2834467120181406,2.0,2016.0,2021.0,5,73.5,88.2
50130,347,2472717.542,7125.987152737752,159328.415,12790.256877993326,0.6587925072046109,4.233,277.0,0.7982708933717579,2.0,2016.0,2022.0,5,49.57142857142857,69.4
