BASE_DATE,SIGUNGU_CD,SIGUNGU_NM,SIGUNGU_FNM,AREA,PERIMETER,CODE_DC,SOILDRA
20240630,11230,동대문구,서울특별시 동대문구,13030900.00000000000,72698.60000000002,4,약간불량
20240630,11260,중랑구,서울특별시 중랑구,31891800.00000000000,189323.00000000000,2,양호
20240630,11290,성북구,서울특별시 성북구,89383900.00000000000,215908.00000000000,1,매우양호
20240630,11305,강북구,서울특별시 강북구,89383900.00000000000,215908.00000000000,1,매우양호
20240630,11320,도봉구,서울특별시 도봉구,89383900.00000000000,215908.00000000000,1,매우양호
20240630,11350,노원구,서울특별시 노원구,38156000.00000000000,110837.00000000000,1,매우양호
20240630,11380,은평구,서울특별시 은평구,20320100.00000000000,122903.00000000000,2,양호
20240630,11410,서대문구,서울특별시 서대문구,10356900.00000000000,59841.30000000000,2,양호
20240630,11440,마포구,서울특별시 마포구,680851000.00000000000,14116100.00000000000,2,양호
20240630,11470,양천구,서울특별시 양천구,123457000.00000000000,893651.00000000000,2,양호
20240630,11500,강서구,서울특별시 강서구,123457000.00000000000,893651.00000000000,2,양호
20240630,11530,구로구,서울특별시 구로구,123457000.00000000000,893651.00000000000,2,양호
20240630,11545,금천구,서울특별시 금천구,14564300.00000000000,115343.00000000000,2,양호
20240630,11560,영등포구,서울특별시 영등포구,680851000.00000000000,14116100.00000000000,2,양호
20240630,11590,동작구,서울특별시 동작구,9220870.00000000000,68578.30000000000,2,양호
20240630,11620,관악구,서울특별시 관악구,39893700.00000000000,163558.00000000000,1,매우양호
20240630,11650,서초구,서울특별시 서초구,19799200.00000000000,128575.00000000000,2,양호
20240630,11680,강남구,서울특별시 강남구,19799200.00000000000,128575.00000000000,2,양호
20240630,11710,송파구,서울특별시 송파구,13233300.00000000000,124284.00000000000,2,양호
20240630,11740,강동구,서울특별시 강동구,11669800.00000000000,95510.50000000000,2,양호
20240630,26110,중구,부산광역시 중구,28388900.00000000000,280795.00000000000,2,양호
20240630,26140,서구,부산광역시 서구,28388900.00000000000,280795.00000000000,2,양호
20240630,26170,동구,부산광역시 동구,10770900.00000000000,136687.00000000000,1,매우양호
20240630,26200,영도구,부산광역시 영도구,6242260.00000000000,43735.50000000000,2,양호
20240630,26230,부산진구,부산광역시 부산진구,39607800.00000000000,248093.00000000000,2,양호
20240630,26260,동래구,부산광역시 동래구,48448200.00000000000,802727.00000000000,1,매우양호
20240630,26290,남구,부산광역시 남구,39607800.00000000000,248093.00000000000,2,양호
20240630,26320,북구,부산광역시 북구,48448200.00000000000,802727.00000000000,1,매우양호
20240630,26350,해운대구,부산광역시 해운대구,19723700.00000000000,265241.00000000000,1,매우양호
20240630,26380,사하구,부산광역시 사하구,28388900.00000000000,280795.00000000000,2,양호
20240630,26410,금정구,부산광역시 금정구,48448200.00000000000,802727.00000000000,1,매우양호
20240630,26440,강서구,부산광역시 강서구,17620300.00000000000,69598.39999999999,3,약간양호
20240630,26470,연제구,부산광역시 연제구,39607800.00000000000,248093.00000000000,2,양호
20240630,26500,수영구,부산광역시 수영구,39607800.00000000000,248093.00000000000,2,양호
20240630,26530,사상구,부산광역시 사상구,7642470.00000000000,22297.60000000000,5,불량
20240630,26710,기장군,부산광역시 기장군,20375900.00000000000,245976.00000000000,1,매우양호
20240630,27110,중구,대구광역시 중구,10684900.00000000000,78767.50000000000,1,매우양호
20240630,27140,동구,대구광역시 동구,525130000.00000000000,2868170.00000000000,1,매우양호
20240630,27170,서구,대구광역시 서구,4369130.00000000000,22996.70000000000,2,양호
20240630,27230,남구,대구광역시 남구,3694070.00000000000,26128.60000000000,1,매우양호
20240630,27230,북구,대구광역시 북구,525130000.00000000000,2868170.00000000000,1,매우양호
20240630,27260,수성구,대구광역시 수성구,155852000.00000000000,781791.00000000000,1,매우양호
20240630,27290,달서구,대구광역시 달서구,7852660.00000000000,66699.70000000000,2,양호
20240630,27710,달성군,대구광역시 달성군,85431000.00000000000,371387.00000000000,1,매우양호
20240630,27720,군위군,대구광역시 군위군,429495000.00000000000,2574700.00000000000,1,매우양호
20240630,28110,중구,인천광역시 중구,10377400.00000000000,79353.70000000000,2,양호
20240630,28140,동구,인천광역시 동구,1909280.00000000000,10684.70000000000,6,매우불량
20240630,28185,연수구,인천광역시 연수구,4380000.00000000000,41362.10000000000,2,양호
20240630,28200,남동구,인천광역시 남동구,22670200.00000000000,198732.00000000000,2,양호
20240630,28237,부평구,인천광역시 부평구,38344900.00000000000,125636.00000000000,4,약간불량
20240630,28245,계양구,인천광역시 계양구,38344900.00000000000,125636.00000000000,4,약간불량
20240630,28260,서구,인천광역시 서구,41826500.00000000000,77239.80000000000,6,매우불량
20240630,28177,미추홀구,인천광역시 미추홀구,15436500.00000000000,70276.00000000000,6,매우불량
20240630,28710,강화군,인천광역시 강화군,29338500.00000000000,99227.30000000000,1,매우양호
20240630,28720,옹진군,인천광역시 옹진군,3740490.00000000000,18463.30000000000,1,매우양호
20240630,29110,동구,광주광역시 동구,209252000.00000000000,1218240.00000000000,1,매우양호
20240630,29140,서구,광주광역시 서구,9310310.00000000000,81529.00000000000,4,약간불량
20240630,29170,남구,광주광역시 남구,209252000.00000000000,1218240.00000000000,1,매우양호
20240630,29170,북구,광주광역시 북구,209252000.00000000000,1218240.00000000000,1,매우양호
20240630,29200,광산구,광주광역시 광산구,16863200.00000000000,136768.00000000000,1,매우양호
20240630,30110,동구,대전광역시 동구,64117500.00000000000,464156.00000000000,1,매우양호
20240630,30140,중구,대전광역시 중구,10767300.00000000000,77591.00000000000,1,매우양호
20240630,30170,서구,대전광역시 서구,32131300.00000000000,205772.00000000000,1,매우양호
20240630,30200,유성구,대전광역시 유성구,36770700.00000000000,223005.00000000000,1,매우양호
20240630,30230,대덕구,대전광역시 대덕구,8763810.00000000000,61622.30000000000,2,양호
20240630,31110,중구,울산광역시 중구,34432700.00000000000,288429.00000000000,1,매우양호
20240630,31200,남구,울산광역시 남구,12266500.00000000000,123335.00000000000,1,매우양호
20240630,31170,동구,울산광역시 동구,23401000.00000000000,184414.00000000000,1,매우양호
20240630,31200,북구,울산광역시 북구,136631000.00000000000,753858.00000000000,1,매우양호
20240630,31710,울주군,울산광역시 울주군,279133000.00000000000,1685360.00000000000,1,매우양호
20240630,36110,세종시,세종특별자치시 전체,204669000.00000000000,1141230.00000000000,2,양호
20240630,41111,수원시 장안구,경기도 수원시 장안구,30612900.00000000000,287297.00000000000,2,양호
20240630,41113,수원시 권선구,경기도 수원시 권선구,7545320.00000000000,38597.70000000000,3,약간양호
20240630,41115,수원시 팔달구,경기도 수원시 팔달구,16583300.00000000000,140687.00000000000,2,양호
20240630,41117,수원시 영통구,경기도 수원시 영통구,33623600.00000000000,324438.00000000000,2,양호
20240630,41131,성남시 수정구,경기도 성남시 수정구,75709500.00000000000,526050.00000000000,1,매우양호
20240630,41133,성남시 중원구,경기도 성남시 중원구,233778000.00000000000,1416810.00000000000,1,매우양호
20240630,41135,성남시 분당구,경기도 성남시 분당구,75709500.00000000000,526050.00000000000,1,매우양호
20240630,41150,의정부시,경기도 의정부시,38156000.00000000000,110837.00000000000,1,매우양호
20240630,41171,안양시 만안구,경기도 안양시 만안구,15574100.00000000000,131649.00000000000,1,매우양호
20240630,41173,안양시 동안구,경기도 안양시 동안구,39893700.00000000000,163558.00000000000,1,매우양호
20240630,41192,부천시 원미구,경기도 부천시 원미구,123457000.00000000000,893651.00000000000,2,양호
20240630,41194,부천시 소사구,경기도 부천시 소사구,123457000.00000000000,893651.00000000000,2,양호
20240630,41196,부천시 오정구,경기도 부천시 오정구,123457000.00000000000,893651.00000000000,2,양호
20240630,41210,광명시,경기도 광명시,123457000.00000000000,893651.00000000000,2,양호
20240630,41220,평택시,경기도 평택시,40644000.00000000000,427697.00000000000,2,양호
20240630,41250,동두천시,경기도 동두천시,202921000.00000000000,724845.00000000000,1,매우양호
20240630,41271,안산시 상록구,경기도 안산시 상록구,6863830.00000000000,74663.50000000000,2,양호
20240630,41273,안산시 단원구,경기도 안산시 단원구,25345500.00000000000,44370.90000000000,2,양호
20240630,41281,고양시 덕양구,경기도 고양시 덕양구,85950900.00000000000,771835.00000000000,2,양호
20240630,41285,고양시 일산동구,경기도 고양시 일산동구,85950900.00000000000,771835.00000000000,2,양호
20240630,41287,고양시 일산서구,경기도 고양시 일산서구,56509400.00000000000,252179.00000000000,4,약간불량
20240630,41290,과천시,경기도 과천시,39893700.00000000000,163558.00000000000,1,매우양호
20240630,41310,구리시,경기도 구리시,31891800.00000000000,189323.00000000000,2,양호
20240630,41360,남양주시,경기도 남양주시,155329000.00000000000,536120.00000000000,1,매우양호
20240630,41370,오산시,경기도 오산시,9718280.00000000000,83459.60000000002,2,양호
20240630,41390,시흥시,경기도 시흥시,123457000.00000000000,893651.00000000000,2,양호
20240630,41410,군포시,경기도 군포시,30612900.00000000000,287297.00000000000,2,양호
20240630,41430,의왕시,경기도 의왕시,75709500.00000000000,526050.00000000000,1,매우양호
20240630,41450,하남시,경기도 하남시,233778000.00000000000,1416810.00000000000,1,매우양호
20240630,41461,용인시 처인구,경기도 용인시 처인구,233778000.00000000000,1416810.00000000000,1,매우양호
20240630,41463,용인시 기흥구,경기도 용인시 기흥구,233778000.00000000000,1416810.00000000000,1,매우양호
20240630,41465,용인시 수지구,경기도 용인시 수지구,75709500.00000000000,526050.00000000000,1,매우양호
20240630,41480,파주시,경기도 파주시,215878000.00000000000,1260930.00000000000,2,양호
20240630,41500,이천시,경기도 이천시,30236000.00000000000,339813.00000000000,1,매우양호
20240630,41550,안성시,경기도 안성시,282741000.00000000000,1539230.00000000000,1,매우양호
20240630,41570,김포시,경기도 김포시,71683100.00000000000,419167.00000000000,2,양호
20240630,41590,화성시,경기도 화성시,83876500.00000000000,693585.00000000000,2,양호
20240630,41610,광주시,경기도 광주시,165170000.00000000000,793383.00000000000,1,매우양호
20240630,41630,양주시,경기도 양주시,71857600.00000000000,220199.00000000000,1,매우양호
20240630,41650,포천시,경기도 포천시,3679320000.00000000000,10497900.00000000000,1,매우양호
20240630,41670,여주시,경기도 여주시,109986000.00000000000,650884.00000000000,1,매우양호
20240630,41800,연천군,경기도 연천군,108039000.00000000000,369420.00000000000,1,매우양호
20240630,41820,가평군,경기도 가평군,3679320000.00000000000,10497900.00000000000,1,매우양호
20240630,41830,양평군,경기도 양평군,842238000.00000000000,4246840.00000000000,1,매우양호
20240630,51110,춘천시,강원특별자치도 춘천시,171853000.00000000000,818648.00000000000,1,매우양호
20240630,51130,원주시,강원특별자치도 원주시,1445190000.00000000000,7288490.00000000000,1,매우양호
20240630,51150,강릉시,강원특별자치도 강릉시,354332000.00000000000,1058720.00000000000,1,매우양호
20240630,51170,동해시,강원특별자치도 동해시,354332000.00000000000,1058720.00000000000,1,매우양호
20240630,51190,태백시,강원특별자치도 태백시,53048800.00000000000,172413.00000000000,2,양호
20240630,51210,속초시,강원특별자치도 속초시,3679320000.00000000000,10497900.00000000000,1,매우양호
20240630,51230,삼척시,강원특별자치도 삼척시,269758000.00000000000,954733.00000000000,1,매우양호
20240630,51720,홍천군,강원특별자치도 홍천군,842238000.00000000000,4246840.00000000000,1,매우양호
20240630,51730,횡성군,강원특별자치도 횡성군,1445190000.00000000000,7288490.00000000000,1,매우양호
20240630,51750,영월군,강원특별자치도 영월군,340305000.00000000000,556425.00000000000,1,매우양호
20240630,51760,평창군,강원특별자치도 평창군,313828000.00000000000,846684.00000000000,1,매우양호
20240630,51770,정선군,강원특별자치도 정선군,313828000.00000000000,846684.00000000000,1,매우양호
20240630,51780,철원군,강원특별자치도 철원군,3679320000.00000000000,10497900.00000000000,1,매우양호
20240630,51790,화천군,강원특별자치도 화천군,3679320000.00000000000,10497900.00000000000,1,매우양호
20240630,51800,양구군,강원특별자치도 양구군,3679320000.00000000000,10497900.00000000000,1,매우양호
20240630,51810,인제군,강원특별자치도 인제군,3679320000.00000000000,10497900.00000000000,1,매우양호
20240630,51820,고성군,강원특별자치도 고성군,3679320000.00000000000,10497900.00000000000,1,매우양호
20240630,51830,양양군,강원특별자치도 양양군,3679320000.00000000000,10497900.00000000000,1,매우양호
20240630,43130,충주시,충청북도 충주시,1445190000.00000000000,7288490.00000000000,1,매우양호
20240630,11110,종로구,서울특별시 종로구,89383900.00000000000,215908.00000000000,1,매우양호
20240630,11140,중구,서울특별시 중구,14063700.00000000000,43797.20000000000,2,양호
20240630,11170,용산구,서울특별시 용산구,16082100.00000000000,72537.89999999999,4,약간불량
20240630,11200,성동구,서울특별시 성동구,14063700.00000000000,43797.20000000000,2,양호
20240630,11215,광진구,서울특별시 광진구,31891800.00000000000,189323.00000000000,2,양호
20240630,43150,제천시,충청북도 제천시,1445190000.00000000000,7288490.00000000000,1,매우양호
20240630,43111,청주시 상당구,충청북도 청주시 상당구,132411000.00000000000,644411.00000000000,2,양호
20240630,43112,청주시 서원구,충청북도 청주시 서원구,27143000.00000000000,270959.00000000000,1,매우양호
20240630,43113,청주시 흥덕구,충청북도 청주시 흥덕구,27078800.00000000000,158145.00000000000,1,매우양호
20240630,43114,청주시 청원구,충청북도 청주시 청원구,43794000.00000000000,408469.00000000000,1,매우양호
20240630,43720,보은군,충청북도 보은군,790238000.00000000000,3067640.00000000000,1,매우양호
20240630,43730,옥천군,충청북도 옥천군,104477000.00000000000,714217.00000000000,1,매우양호
20240630,43740,영동군,충청북도 영동군,355260000.00000000000,2589600.00000000000,1,매우양호
20240630,43750,진천군,충청북도 진천군,282741000.00000000000,1539230.00000000000,1,매우양호
20240630,43760,괴산군,충청북도 괴산군,790238000.00000000000,3067640.00000000000,1,매우양호
20240630,43770,음성군,충청북도 음성군,45829400.00000000000,218033.00000000000,1,매우양호
20240630,43800,단양군,충청북도 단양군,1355650000.00000000000,6899290.00000000000,1,매우양호
20240630,43745,증평군,충청북도 증평군,104436000.00000000000,720614.00000000000,1,매우양호
20240630,44131,천안시 동남구,충청남도 천안시 동남구,54672600.00000000000,263717.00000000000,2,양호
20240630,44133,천안시 서북구,충청남도 천안시 서북구,282741000.00000000000,1539230.00000000000,1,매우양호
20240630,44150,공주시,충청남도 공주시,324867000.00000000000,1481140.00000000000,2,양호
20240630,44180,보령시,충청남도 보령시,102700000.00000000000,363110.00000000000,1,매우양호
20240630,44200,아산시,충청남도 아산시,79631700.00000000000,742850.00000000000,2,양호
20240630,44210,서산시,충청남도 서산시,131320000.00000000000,774010.00000000000,2,양호
20240630,44230,논산시,충청남도 논산시,102221000.00000000000,573461.00000000000,4,약간불량
20240630,44250,계룡시,충청남도 계룡시,59004700.00000000000,318934.00000000000,1,매우양호
20240630,44270,당진시,충청남도 당진시,246216000.00000000000,1632390.00000000000,2,양호
20240630,44710,금산군,충청남도 금산군,143375000.00000000000,705027.00000000000,2,양호
20240630,44760,부여군,충청남도 부여군,129997000.00000000000,602436.00000000000,2,양호
20240630,44770,서천군,충청남도 서천군,40930300.00000000000,345071.00000000000,2,양호
20240630,44790,청양군,충청남도 청양군,78181200.00000000000,513573.00000000000,1,매우양호
20240630,44800,홍성군,충청남도 홍성군,53246200.00000000000,389225.00000000000,2,양호
20240630,44810,예산군,충청남도 예산군,48150800.00000000000,334474.00000000000,1,매우양호
20240630,44825,태안군,충청남도 태안군,141276000.00000000000,1034150.00000000000,2,양호
20240630,52111,전주시 완산구,전북특별자치도 전주시 완산구,970630000.00000000000,5825980.00000000000,1,매우양호
20240630,52113,전주시 덕진구,전북특별자치도 전주시 덕진구,165234000.00000000000,581540.00000000000,4,약간불량
20240630,52130,군산시,전북특별자치도 군산시,94669600.00000000000,872337.00000000000,2,양호
20240630,52140,익산시,전북특별자치도 익산시,165234000.00000000000,581540.00000000000,4,약간불량
20240630,52180,정읍시,전북특별자치도 정읍시,305201000.00000000000,1627820.00000000000,1,매우양호
20240630,52190,남원시,전북특별자치도 남원시,613449000.00000000000,3071550.00000000000,1,매우양호
20240630,52210,김제시,전북특별자치도 김제시,127446000.00000000000,910653.00000000000,2,양호
20240630,52710,완주군,전북특별자치도 완주군,970630000.00000000000,5825980.00000000000,1,매우양호
20240630,52720,진안군,전북특별자치도 진안군,970630000.00000000000,5825980.00000000000,1,매우양호
20240630,52730,무주군,전북특별자치도 무주군,905258000.00000000000,5197780.00000000000,1,매우양호
20240630,52740,장수군,전북특별자치도 장수군,905258000.00000000000,5197780.00000000000,1,매우양호
20240630,52750,임실군,전북특별자치도 임실군,970630000.00000000000,5825980.00000000000,1,매우양호
20240630,52770,순창군,전북특별자치도 순창군,119561000.00000000000,516616.00000000000,1,매우양호
20240630,52790,고창군,전북특별자치도 고창군,78840600.00000000000,895688.00000000000,2,양호
20240630,52800,부안군,전북특별자치도 부안군,53771700.00000000000,216793.00000000000,1,매우양호
20240630,46110,목포시,전라남도 목포시,14338200.00000000000,94778.89999999999,2,양호
20240630,46130,여수시,전라남도 여수시,40958500.00000000000,292640.00000000000,2,양호
20240630,46150,순천시,전라남도 순천시,457599000.00000000000,2289490.00000000000,1,매우양호
20240630,46170,나주시,전라남도 나주시,117984000.00000000000,1032680.00000000000,2,양호
20240630,46230,광양시,전라남도 광양시,457599000.00000000000,2289490.00000000000,1,매우양호
20240630,46710,담양군,전라남도 담양군,209252000.00000000000,1218240.00000000000,1,매우양호
20240630,46720,곡성군,전라남도 곡성군,84335800.00000000000,507307.00000000000,1,매우양호
20240630,46730,구례군,전라남도 구례군,613449000.00000000000,3071550.00000000000,1,매우양호
20240630,46770,고흥군,전라남도 고흥군,33044600.00000000000,259105.00000000000,2,양호
20240630,46780,보성군,전라남도 보성군,89051300.00000000000,666623.00000000000,1,매우양호
20240630,46790,화순군,전라남도 화순군,166951000.00000000000,1170630.00000000000,1,매우양호
20240630,46800,장흥군,전라남도 장흥군,116131000.00000000000,702572.00000000000,1,매우양호
20240630,46810,강진군,전라남도 강진군,116131000.00000000000,702572.00000000000,1,매우양호
20240630,46820,해남군,전라남도 해남군,190483000.00000000000,1442550.00000000000,2,양호
20240630,46830,영암군,전라남도 영암군,117984000.00000000000,1032680.00000000000,2,양호
20240630,46840,무안군,전라남도 무안군,119174000.00000000000,914316.00000000000,2,양호
20240630,46860,함평군,전라남도 함평군,30117800.00000000000,185721.00000000000,1,매우양호
20240630,46870,영광군,전라남도 영광군,53849200.00000000000,342941.00000000000,1,매우양호
20240630,46880,장성군,전라남도 장성군,305201000.00000000000,1627820.00000000000,1,매우양호
20240630,46890,완도군,전라남도 완도군,26110000.00000000000,207616.00000000000,2,양호
20240630,46900,진도군,전라남도 진도군,32408200.00000000000,298931.00000000000,2,양호
20240630,46910,신안군,전라남도 신안군,30159300.00000000000,210508.00000000000,2,양호
20240630,47111,포항시 남구,경상북도 포항시 남구,120379000.00000000000,852930.00000000000,2,양호
20240630,47113,포항시 북구,경상북도 포항시 북구,511034000.00000000000,1942280.00000000000,1,매우양호
20240630,47130,경주시,경상북도 경주시,297212000.00000000000,1629390.00000000000,1,매우양호
20240630,47150,김천시,경상북도 김천시,810819000.00000000000,4985870.00000000000,1,매우양호
20240630,47170,안동시,경상북도 안동시,344292000.00000000000,2230100.00000000000,1,매우양호
20240630,47190,구미시,경상북도 구미시,525130000.00000000000,2868170.00000000000,1,매우양호
20240630,47210,영주시,경상북도 영주시,1355650000.00000000000,6899290.00000000000,1,매우양호
20240630,47230,영천시,경상북도 영천시,297212000.00000000000,1629390.00000000000,1,매우양호
20240630,47250,상주시,경상북도 상주시,282990000.00000000000,2055410.00000000000,1,매우양호
20240630,47280,문경시,경상북도 문경시,790238000.00000000000,3067640.00000000000,1,매우양호
20240630,47290,경산시,경상북도 경산시,155852000.00000000000,781791.00000000000,1,매우양호
20240630,47730,의성군,경상북도 의성군,540286000.00000000000,3044210.00000000000,1,매우양호
20240630,47750,청송군,경상북도 청송군,656628000.00000000000,3210650.00000000000,1,매우양호
20240630,47760,영양군,경상북도 영양군,883890000.00000000000,3800140.00000000000,1,매우양호
20240630,47770,영덕군,경상북도 영덕군,656628000.00000000000,3210650.00000000000,1,매우양호
20240630,47820,청도군,경상북도 청도군,157563000.00000000000,674029.00000000000,2,양호
20240630,47830,고령군,경상북도 고령군,79131400.00000000000,469991.00000000000,1,매우양호
20240630,47840,성주군,경상북도 성주군,810819000.00000000000,4985870.00000000000,1,매우양호
20240630,47850,칠곡군,경상북도 칠곡군,525130000.00000000000,2868170.00000000000,1,매우양호
20240630,47900,예천군,경상북도 예천군,1355650000.00000000000,6899290.00000000000,1,매우양호
20240630,47920,봉화군,경상북도 봉화군,1355650000.00000000000,6899290.00000000000,1,매우양호
20240630,47930,울진군,경상북도 울진군,883890000.00000000000,3800140.00000000000,1,매우양호
20240630,47940,울릉군,경상북도 울릉군,0,0,1,매우양호
20240630,48170,진주시,경상남도 진주시,78692800.00000000000,652962.00000000000,1,매우양호
20240630,48220,통영시,경상남도 통영시,20531200.00000000000,161702.00000000000,1,매우양호
20240630,48240,사천시,경상남도 사천시,27060500.00000000000,105421.00000000000,1,매우양호
20240630,48250,김해시,경상남도 김해시,36711400.00000000000,204617.00000000000,1,매우양호
20240630,48270,밀양시,경상남도 밀양시,279133000.00000000000,1685360.00000000000,1,매우양호
20240630,48310,거제시,경상남도 거제시,42323800.00000000000,187439.00000000000,1,매우양호
20240630,48330,양산시,경상남도 양산시,87333100.00000000000,918844.00000000000,1,매우양호
20240630,48121,창원시 의창구,경상남도 창원시 의창구,19297700.00000000000,150123.00000000000,3,약간양호
20240630,48123,창원시 성산구,경상남도 창원시 성산구,31343800.00000000000,233501.00000000000,2,양호
20240630,48125,창원시 마산합포구,경상남도 창원시 마산합포구,76815400.00000000000,424723.00000000000,1,매우양호
20240630,48127,창원시 마산회원구,경상남도 창원시 마산회원구,57276400.00000000000,360651.00000000000,1,매우양호
20240630,48129,창원시 진해구,경상남도 창원시 진해구,52384300.00000000000,274943.00000000000,1,매우양호
20240630,48720,의령군,경상남도 의령군,112882000.00000000000,713353.00000000000,1,매우양호
20240630,48730,함안군,경상남도 함안군,76815400.00000000000,424723.00000000000,1,매우양호
20240630,48740,창녕군,경상남도 창녕군,210598000.00000000000,1374000.00000000000,1,매우양호
20240630,48820,고성군,경상남도 고성군,24867800.00000000000,287317.00000000000,1,매우양호
20240630,48840,남해군,경상남도 남해군,26945900.00000000000,311612.00000000000,1,매우양호
20240630,48850,하동군,경상남도 하동군,613449000.00000000000,3071550.00000000000,1,매우양호
20240630,48860,산청군,경상남도 산청군,613449000.00000000000,3071550.00000000000,1,매우양호
20240630,48870,함양군,경상남도 함양군,905258000.00000000000,5197780.00000000000,1,매우양호
20240630,48880,거창군,경상남도 거창군,810819000.00000000000,4985870.00000000000,1,매우양호
20240630,48890,합천군,경상남도 합천군,810819000.00000000000,4985870.00000000000,1,매우양호
20240630,50110,제주시,제주특별자치도 제주시,1488240000.00000000000,3370980.00000000000,2,양호
20240630,50130,서귀포시,제주특별자치도 서귀포시,1488240000.00000000000,3370980.00000000000,2,양호
